TANGGAL,TN,TX,TAVG,RH_AVG,RR,SS,FF_X,DDD_X,FF_AVG,DDD_CAR
01-01-2022,25,32.4,28.9,75,0.5,4,3,260,1,C 
02-01-2022,26.6,32.4,28.2,82,0,3.5,6,220,2,W 
03-01-2022,25.8,32.8,29.2,72,0,2.9,5,320,2,C 
04-01-2022,25.8,32.4,28.9,71,,6.2,5,320,1,C 
05-01-2022,26.6,33,29.4,75,0,5.6,5,320,1,C 
06-01-2022,25.6,31.8,27.9,86,34.5,7.5,5,320,1,C 
07-01-2022,25.6,35,29.3,74,6.8,2,5,270,1,C 
08-01-2022,26.2,32.4,28.6,77,0.3,6.9,4,300,1,C 
09-01-2022,26.6,32.6,29.1,77,0,7,8,340,2,C 
10-01-2022,25.2,31.8,28.3,78,,1.5,7,330,2,C 
11-01-2022,24.8,31.4,26.9,86,24,1,7,340,1,C 
12-01-2022,24.4,31.2,26.7,87,27.2,3.4,7,320,2,C 
13-01-2022,24.6,30.8,27.2,84,15.6,5,6,340,1,C 
14-01-2022,24,31.4,26.5,88,13,0,4,360,1,C 
15-01-2022,24.6,29.4,26.7,86,4,0.6,5,340,1,C 
16-01-2022,25,29,27.4,87,0,0.4,6,320,2,C 
17-01-2022,25.2,30.8,28.1,82,12.8,0,6,330,1,C 
18-01-2022,25.2,29,26.3,92,8.1,4,6,320,2,NW
19-01-2022,24.4,30.2,27.3,84,204,0.2,8,320,2,C 
20-01-2022,24.6,29,26.2,83,6.6,5.8,4,260,1,C 
21-01-2022,24.8,31,27.6,79,8888,0,7,340,1,C 
22-01-2022,25,30.4,27.3,82,6,5,6,330,2,W 
23-01-2022,24.6,32.8,29.3,75,3.2,3.2,9,340,4,W 
24-01-2022,26.2,34.4,29.6,72,0,6,7,315,2,C 
25-01-2022,26.8,31.4,28.8,80,0,8,5,330,1,C 
26-01-2022,25,30,27.2,83,5.2,1.5,4,320,1,C 
27-01-2022,25.6,31.8,28.1,80,8888,0,5,340,2,C 
28-01-2022,25.6,32.4,28.7,78,5.2,6,5,270,1,C 
29-01-2022,25.8,30.8,27.9,80,0,3,6,350,2,C 
30-01-2022,25,31.8,28,81,,0.6,7,340,2,C 
31-01-2022,26,31.6,28,78,0,3.7,9,330,2,C 
01-02-2022,26,31.2,28.5,81,-,5,3,350,1,C
02-02-2022,24.4,31.2,28,82,4,5.5,7,340,1,C
03-02-2022,26.2,32,28.7,78,0,3.8,4,120,2,C
04-02-2022,23.6,31,26.9,86,88.3,5.8,7,320,2,C
05-02-2022,25,28.6,26,90,16.3,3.5,3,270,1,C
06-02-2022,25.2,31.4,27.9,81,41.5,0,8,320,3,C
07-02-2022,25,30.4,27.6,82,10,1.7,6,330,1,C
08-02-2022,25.4,28,26.5,91,6.5,5.8,6,320,0,C
09-02-2022,24.8,30.8,26.5,83,63.8,0,8,330,3,W
10-02-2022,24.8,31.2,27.4,78,1.2,6,6,290,2,C
11-02-2022,24.6,30.8,27.7,79,-,0.3,7,320,1,C
12-02-2022,25.4,29.6,27.8,81,0.4,0.5,7,320,2,C
13-02-2022,26.2,29.4,27.2,85,0,0,6,320,1,C
14-02-2022,25.2,30.6,26.5,86,8888,0.2,6,260,1,C
15-02-2022,24.2,32.6,27.1,88,23.5,0.1,5,300,1,C
16-02-2022,25,32.6,28.4,77,2.4,2.2,5,340,1,C
17-02-2022,24.8,31,27.3,85,47.5,7.8,4,310,1,C
18-02-2022,25,30,27.4,88,0.8,5,3,0,0,C
19-02-2022,25,32.4,28,84,2.7,0,4,280,1,C
20-02-2022,25.6,30.8,27.9,83,2.8,2.2,6,310,1,C
21-02-2022,26,32.4,28.5,74,0.8,1.6,5,350,1,C
22-02-2022,25.6,34.4,29.3,74,3,3,8,340,1,C
23-02-2022,24.6,32.2,27.6,79,1,2.5,5,320,2,NW
24-02-2022,24.4,33.2,28.6,67,17.8,0.6,7,270,2,W
25-02-2022,26.2,29.8,27.7,73,0,1.5,4,240,2,W
26-02-2022,24.6,32.4,27.9,75,2.5,1.2,5,260,2,W
27-02-2022,25.6,31.2,27.5,79,-,2.2,7,300,2,C
28-02-2022,25,31,28.1,78,1,2,8,230,2,C
01-03-2022,24.6,29.2,26.5,86,12.6,1.2,5,270,1,C
02-03-2022,24.6,32.4,27,84,5.2,0,4,270,2,W
03-03-2022,25.2,32.4,28.3,78,6.6,2.4,8,340,2,C
04-03-2022,25,31.6,28.1,78,3.7,7,6,320,1,C
05-03-2022,25.4,33.4,27.1,78,-,2,8,250,2,W
06-03-2022,25,32.8,27.9,77,12.1,2,7,300,4,W
07-03-2022,26.8,33,29.1,71,0,4.6,8,250,2,C
08-03-2022,25,32,27.8,80,-,1.1,5,330,1,C
09-03-2022,26,31.8,28.1,80,0.5,3,7,340,1,C
10-03-2022,26,32.4,28.5,77,-,1.4,9,320,2,C
11-03-2022,25.4,32,27.5,85,-,5.3,10,340,3,C
12-03-2022,25.8,31.8,27,89,7.5,6,3,340,1,C
13-03-2022,26.2,31.4,28,85,34.5,4,8,310,2,C
14-03-2022,26.4,33.6,28.7,80,2.6,4.5,7,320,1,C
15-03-2022,-,30.2,27.5,85,2.5,6,3,100,1,C
16-03-2022,25.2,33.4,28.7,77,6.2,0,5,330,1,C
17-03-2022,25.6,32,28.7,84,0.2,6.2,7,330,1,C
18-03-2022,26.4,33.6,29.2,79,0.4,4.1,4,270,1,C
19-03-2022,26,34.4,29.5,73,-,0.8,9,280,4,W
20-03-2022,27,35,30,64,0,5.6,5,300,3,W
21-03-2022,27.4,33.2,29.7,69,0,8,8,230,4,W
22-03-2022,26.8,32.6,29.1,74,-,5,6,330,1,C
23-03-2022,26,32.2,27.7,80,1.5,1.5,3,260,1,C
24-03-2022,25.4,33,28.3,78,5.3,1.8,8,330,1,C
25-03-2022,25.8,33.4,29.2,78,0,8,6,300,1,C
26-03-2022,26.6,30,26.6,88,-,4,4,330,1,C
27-03-2022,24.2,32.6,27.5,85,22.5,0,9,260,2,C
28-03-2022,25,32.2,28,81,14.4,7.4,8,340,1,C
29-03-2022,25.4,32.8,29.3,74,0,7.4,5,320,2,C
30-03-2022,26.6,32.6,29.1,76,-,4.5,4,320,1,C
31-03-2022,-,32.8,28.9,78,-,1.8,9,320,2,C
01-04-2022,26.4,31.6,28.5,76,0,5.2,3,270,0,C
02-04-2022,26.2,32.8,27.4,82,3.8,0.7,6,330,1,C
03-04-2022,26.4,33,26.7,83,18,4,8,330,2,C
04-04-2022,25,32.8,28.3,78,27.3,3.3,6,320,1,C
05-04-2022,25.6,32.4,27.6,81,0,7.6,6,340,1,C
06-04-2022,24.8,34.4,28.5,74,54,7,7,330,1,C
07-04-2022,25,33.6,28.9,76,8888,8,10,330,2,C
08-04-2022,25,34.2,28,76,8888,5.1,4,270,0,C
09-04-2022,25.6,32,28.5,73,45.7,3.7,4,330,1,C
10-04-2022,26,33.2,29.3,74,0,6.5,4,320,1,C
11-04-2022,26.4,32.8,28.2,78,-,7,6,320,1,C
12-04-2022,25,32.6,28.6,80,30,3.5,7,320,1,C
13-04-2022,26.4,31.6,28.8,80,1.7,4.1,3,340,1,C
14-04-2022,25.4,32.4,28.7,79,0.4,3.5,7,340,1,C
15-04-2022,26,34,29.9,81,-,6,5,320,1,C
16-04-2022,25,32.8,29.2,75,-,7.4,5,310,1,C
17-04-2022,26.6,33.2,29.7,77,0.6,7.5,3,340,1,C
18-04-2022,26.2,33.6,29.4,80,16,7.5,6,330,1,C
19-04-2022,26.4,32.8,28.6,78,-,6,9,340,2,C
20-04-2022,25,33,28.8,76,0.4,4.5,4,270,1,C
21-04-2022,26.6,29.2,27.4,84,4,3.8,3,270,0,C
22-04-2022,26,30.8,26.4,88,11,0,5,140,0,C
23-04-2022,24.8,33.6,28.5,80,5.7,1.5,5,320,1,C
24-04-2022,25,33,28.9,78,5,5.8,6,340,1,C
25-04-2022,26.6,34.2,29.5,75,0.8,5.2,7,330,1,C
26-04-2022,25.6,34,29.4,77,26.4,7.5,4,230,1,C
27-04-2022,26.6,32.8,29.1,78,8888,6.5,7,320,1,C
28-04-2022,24,31.6,27.6,83,7.5,2.5,5,270,2,W
29-04-2022,25.4,34,29.3,78,8888,0.8,5,260,1,W
30-04-2022,26.6,32.2,28.4,81,0,4,4,330,1,C
01-05-2022,26.6,32.6,29,82,-,1.6,3,330,1,C
02-05-2022,26,31.6,27.5,85,8888,2,8,320,2,C
03-05-2022,25,32.6,28.2,83,18.6,2.4,3,80,1,C
04-05-2022,25.4,33,29,78,-,3.4,5,340,0,C
05-05-2022,26.4,34,29.5,77,0,5,3,332,1,C
06-05-2022,26,34.8,30.2,74,-,7,6,330,1,C
07-05-2022,27.6,33,29.9,77,0,7.3,3,350,1,C
08-05-2022,27.4,33.6,30.1,72,0,7.2,3,50,1,C
09-05-2022,27.6,34,29.9,74,-,6,5,40,1,C
10-05-2022,26,33.8,29.9,76,8888,1,8,300,2,C
11-05-2022,25.4,33.2,28.9,80,18.2,4.4,5,330,1,C
12-05-2022,26.2,34,29.2,76,0,5.2,6,330,2,W
13-05-2022,26.6,33.6,29.3,78,15.8,4.2,6,350,1,C
14-05-2022,26,32.6,29.2,81,13,6.8,7,320,1,C
15-05-2022,26.8,34.2,29,82,0,1.5,3,340,1,C
16-05-2022,26,33.8,28.6,78,6.5,6,6,330,1,C
17-05-2022,26.6,33.2,29.5,78,8888,5.7,6,340,1,C
18-05-2022,26,33.8,28.7,80,-,3,6,320,1,C
19-05-2022,25.8,32,28,84,35.2,5.2,4,340,1,C
20-05-2022,25.6,31.6,27.4,84,9.4,2.2,5,330,1,C
21-05-2022,25,31.2,27.9,82,20,2,4,90,1,C
22-05-2022,25.2,30.4,27.8,82,-,1.7,5,80,1,C
23-05-2022,26.2,32.6,29,79,0,0,4,150,1,C
24-05-2022,26.6,32.8,29.7,72,0,5,6,90,2,C
25-05-2022,26.8,33,28.3,83,0.2,5.4,5,20,1,C
26-05-2022,25,30.6,27.3,84,1,1,4,110,0,C
27-05-2022,24.8,33.2,28.2,80,8888,0,7,320,1,C
28-05-2022,23.4,30,25.6,86,18.6,6.5,4,280,1,C
29-05-2022,23.2,32.8,26.8,83,27.3,1.3,5,280,1,C
30-05-2022,24,31,27.3,82,0.3,4.5,3,270,1,C
31-05-2022,24.8,32.4,27.4,80,0,1.8,5,320,2,C
01-06-2022,25.2,34.6,29,72,0,6.5,5,290,1,C
02-06-2022,26.4,34,28.4,79,-,3.4,5,340,1,C
03-06-2022,24.6,33.6,28.2,79,32.6,5.5,8,320,1,C
04-06-2022,25.8,32.2,28.8,76,0,6.2,4,280,1,C
05-06-2022,26.4,32.6,28.6,78,0,7,6,340,2,C
06-06-2022,25,31.8,27.6,79,8888,6.3,4,320,0,C
07-06-2022,25.4,32,28.1,78,0.5,0.2,4,120,0,C
08-06-2022,25.6,30.8,27.3,87,13.6,2.7,3,330,0,C
09-06-2022,25.8,31.8,26.7,86,0.5,2.5,4,60,0,C
10-06-2022,-,34,28.1,77,5,-,5,320,1,C
11-06-2022,25,32.4,28.2,84,2.5,4.3,5,70,1,C
12-06-2022,25.2,31.4,27.8,81,8888,4,4,300,1,C
13-06-2022,25.8,31.2,27.8,76,0,5.4,4,320,1,C
14-06-2022,25.8,31.6,28.7,74,-,1.5,4,340,1,C
15-06-2022,25,30.6,27.5,82,-,1.3,0,0,0,C
16-06-2022,24.6,29.8,26.7,86,4,0,2,80,0,C
17-06-2022,24.8,29,27.1,86,0,1,2,40,0,C
18-06-2022,24.6,30.6,27.3,82,8888,0.2,4,330,1,C
19-06-2022,24.8,32.4,28,82,-,0.6,6,330,1,C
20-06-2022,25,32.4,28.9,76,0,7,6,320,1,C
21-06-2022,26.4,32.8,28.9,72,0,7,4,80,1,C
22-06-2022,25.2,32.4,28,83,15.4,6,3,140,0,C
23-06-2022,25,33,29.1,74,8888,1.2,5,90,1,C
24-06-2022,26.4,31.4,28,80,0,2.5,5,340,1,C
25-06-2022,26.6,32.4,28.8,76,0,2,3,20,1,C
26-06-2022,26.4,30.6,28,80,-,3,3,330,1,C
27-06-2022,24.8,33,28.8,77,-,0,4,340,0,C
28-06-2022,25.2,31.8,28,78,21.7,3.4,5,350,1,C
29-06-2022,25.4,32.6,28.4,70,-,4,8,320,1,C
30-06-2022,25.2,31.6,27.7,74,0,6,6,320,2,C
01-07-2022,25.4,33.2,28.7,74,0,6.5,4,340,0,C
02-07-2022,25.6,32.4,29.1,76,0,6.5,3,290,1,C
03-07-2022,27.2,32.2,29.1,82,3,4.5,4,310,1,C
04-07-2022,-,33.6,29.5,74,13.6,5.7,6,120,1,C
05-07-2022,25,33.2,29.4,78,-,6.5,5,330,1,C
06-07-2022,25,28.6,26.4,89,11.6,7,5,330,0,C
07-07-2022,25.4,32.4,28.6,80,16.8,2,4,330,1,C
08-07-2022,26,32.6,28.8,74,-,6.8,7,330,2,C
09-07-2022,25,32,28.2,74,-,5.7,9,330,2,C
10-07-2022,25.2,32.4,28.2,70,0,6.7,4,50,1,C
11-07-2022,25.4,32.4,28.7,69,0,7,4,120,1,C
12-07-2022,26.4,33.4,29.6,74,-,2,4,90,1,C
13-07-2022,25,32,28.6,78,-,1.5,5,330,2,C
14-07-2022,26,32.8,29,76,8888,1,5,90,2,C
15-07-2022,26.4,32.8,29.3,76,-,6,4,100,1,C
16-07-2022,23.6,30,25.7,84,36,7,3,290,1,C
17-07-2022,23,31.4,27.9,79,11.8,1,6,70,1,C
18-07-2022,25.4,32.6,28.2,78,0,0.7,5,320,1,C
19-07-2022,25.6,33.4,28.9,76,0,5.4,5,340,1,C
20-07-2022,26.8,33.6,29.6,75,-,6.5,5,100,1,C
21-07-2022,-,32.4,28.7,76,-,-,6,310,1,C
22-07-2022,27,32.2,29.1,71,0,6.8,4,320,1,C
23-07-2022,26,32.8,28.9,75,0,4,6,310,1,C
24-07-2022,26.4,32.6,28.8,77,-,6,7,300,2,C
25-07-2022,25,32.4,28.8,74,-,5.9,5,320,1,C
26-07-2022,26.4,32.4,29,67,0,3,3,150,1,C
27-07-2022,26.2,33.6,28.9,69,0,7,5,120,1,C
28-07-2022,26.4,33,29.2,70,-,5,3,150,1,C
29-07-2022,25,33.6,29.2,73,-,5.8,4,120,0,C
30-07-2022,26.8,32.2,28.8,77,0,5.8,4,70,2,C
31-07-2022,26.4,32.2,28.7,77,-,6,3,60,1,C
01-08-2022,26,33.8,29,72,0,7,3,120,0,C
02-08-2022,25,33,29.3,73,-,6,6,320,1,C
03-08-2022,27.4,33.4,29.7,72,0,5.4,4,350,1,C
04-08-2022,25.6,32,28.1,82,7.1,6.8,8,330,1,C
05-08-2022,25.8,30.8,28,82,15.4,6,8,340,2,C
06-08-2022,25,32,28.1,76,-,4,8,330,2,C
07-08-2022,25.6,32,28.1,78,2.6,7,3,300,1,C
08-08-2022,25.8,33.2,28.7,70,0,6.5,7,320,1,C
09-08-2022,26.4,33.2,29.1,67,-,7,6,320,1,C
10-08-2022,25,34,29.6,69,-,6.5,4,100,1,C
11-08-2022,26.8,34.2,29.7,71,0,7,7,340,2,C
12-08-2022,27.2,33.4,29.6,76,0,6.5,7,330,1,C
13-08-2022,26,32.6,29.3,72,-,6.4,6,290,1,C
14-08-2022,25,33.8,29.2,76,-,3.6,5,30,2,C
15-08-2022,26.8,32.2,29,76,0,6.7,6,320,1,C
16-08-2022,27,32.4,28.9,74,8888,2.5,5,260,1,C
17-08-2022,25.4,32.6,28.6,79,6.4,2.6,6,120,1,C
18-08-2022,25,33.6,29.4,70,-,4,5,50,1,C
19-08-2022,26.6,35,30,62,0,6,6,120,2,C
20-08-2022,27.2,33.6,29.7,68,0,7,3,110,1,C
21-08-2022,27.4,32.8,29.3,-,-,5,5,310,1,C
22-08-2022,25,30.8,27.5,80,-,5.5,5,340,1,C
23-08-2022,26.2,34.8,29.6,73,0,1.2,6,120,1,C
24-08-2022,27,32.4,29.1,74,0,7.5,6,320,1,C
25-08-2022,26.6,33.2,29.4,65,-,7.5,7,120,1,C
26-08-2022,25,32.4,28.9,72,-,7.2,4,330,0,C
27-08-2022,26.4,32.4,28.6,76,0,1.5,5,330,1,C
28-08-2022,26.4,30.6,28.4,78,-,1.2,3,330,1,C
29-08-2022,25.8,32.6,28.4,77,0,2.5,7,340,2,C
30-08-2022,25,32.8,28.5,72,-,2.2,5,330,1,C
31-08-2022,26.4,33,29.3,70,0,7,5,120,1,C
01-09-2022,27.2,32.4,29.1,73,0,4,5,100,1,C
02-09-2022,26.6,33.6,29.3,76,0.5,3.5,5,320,1,C
03-09-2022,25,33,28.3,76,-,4,9,270,4,W
04-09-2022,26.2,32.2,28.8,70,0,5.7,3,320,1,C
05-09-2022,26.6,32.4,29.4,74,0,7.8,6,320,1,C
06-09-2022,27.4,34.6,30,70,0.2,6.5,5,120,1,C
07-09-2022,25,31,27.4,85,0.2,6.3,3,260,0,C
08-09-2022,25.6,28.6,26.8,86,5.8,4.6,4,320,1,C
09-09-2022,25.2,31.2,26.4,86,1.5,0,5,300,1,C
10-09-2022,24.2,30.4,26.7,84,55.8,1.2,5,300,2,C
11-09-2022,25,31.6,27.7,81,-,0,9,320,2,C
12-09-2022,25,31.6,28.1,80,23.4,9.7,9,320,2,C
13-09-2022,25.8,31.6,28.5,78,0,6.5,6,330,1,C
14-09-2022,25.4,32.6,28.9,69,-,4.2,6,320,1,C
15-09-2022,25,33.2,28.6,72,-,2,6,320,1,C
16-09-2022,26.4,33.2,29.4,66,0,6.2,8,340,1,C
17-09-2022,26.2,32.4,29.2,73,0,4.2,4,330,1,C
18-09-2022,26.8,31.8,28.9,77,-,6,5,320,1,C
19-09-2022,26,34.4,29.8,69,1.2,2.1,4,300,0,C
20-09-2022,26,32,28.7,68,0,7.8,8,320,2,C
21-09-2022,26.4,32.2,28.5,75,0,4.7,4,330,1,C
22-09-2022,26.6,31.6,27.7,81,-,4,4,120,1,C
23-09-2022,-,31.8,27.8,81,21.4,0,6,320,1,C
24-09-2022,25.8,33.6,29.3,72,0,4,4,70,1,C
25-09-2022,26.4,32.6,29.3,72,0,8,4,350,1,C
26-09-2022,26.6,34.4,30,67,-,4,8,320,2,C
27-09-2022,24.6,32.4,28.7,73,10.5,4.6,6,320,1,C
28-09-2022,26.4,32.4,29.6,67,0,9.4,8,340,2,C
29-09-2022,27.2,32.2,29.6,70,0,4.5,5,330,1,C
30-09-2022,26.6,32.6,29,72,-,2,3,150,0,C
01-10-2022,26,33.8,29.9,74,-,3,7,320,1,C
02-10-2022,26.8,30.4,28.2,78,0,7.8,4,310,1,C
03-10-2022,24.8,32.4,28.7,77,15.8,3,5,330,1,C
04-10-2022,25.8,32.8,28.1,78,1.6,5.4,6,320,2,C
05-10-2022,25,30.6,27.4,87,26,4.8,0,0,0,C
06-10-2022,26,33.6,27.9,78,0,0.8,8,340,1,C
07-10-2022,25,32.2,27.2,85,48.6,7.8,3,270,1,C
08-10-2022,24.5,33.4,28.1,74,1.2,1.5,4,260,1,C
09-10-2022,25,31.4,27.8,77,-,2.3,5,320,1,C
10-10-2022,25.6,31.2,28,76,0,2.6,5,320,1,C
11-10-2022,26,31.8,27.8,80,0,3.5,6,340,1,C
12-10-2022,24.6,32.8,28.3,73,17,0.4,8,340,1,C
13-10-2022,25,31.6,27.4,80,-,7.5,7,300,1,C
14-10-2022,24.6,32.4,28.9,70,21,4.7,8,320,2,C
15-10-2022,26.6,31.8,27.8,82,0,7.5,3,320,0,C
16-10-2022,25.8,31.6,27.8,82,12.2,2.5,4,310,1,C
17-10-2022,25.8,32.4,28.6,80,-,3.1,2,310,0,C
18-10-2022,26.6,30.6,28,81,3.8,2.6,4,300,0,C
19-10-2022,26.6,31.6,27.5,81,0,1,5,316,0,C
20-10-2022,25.2,32,28.2,80,20.2,1.2,5,310,1,C
21-10-2022,25,30.8,28.4,76,-,1,3,316,0,C
22-10-2022,26.4,31.4,28.7,78,0,0,3,300,1,C
23-10-2022,25.6,32.8,28.7,76,34.8,6.5,4,310,2,C
24-10-2022,25.6,34,29.1,69,-,7,8,320,3,NW
25-10-2022,25,31,27.4,80,-,5,7,320,4,NW
26-10-2022,23.8,31.6,27,81,17.3,2,6,320,2,C
27-10-2022,24,32.4,28.5,74,8888,1,4,310,2,C
28-10-2022,24.8,35.4,29.8,60,-,1.2,5,320,1,C
29-10-2022,24.6,32.4,29.2,70,-,5.5,4,320,1,C
30-10-2022,26.6,33,29.1,68,0,6.8,5,300,1,C
31-10-2022,27,32,29.4,71,0,7.5,3,310,0,C
01-11-2022,26.6,32,29.3,72,-,6,5,320,2,C
02-11-2022,25.4,32.4,29.2,76,-,4,7,316,1,C
03-11-2022,26.8,32.2,29.1,75,0,5.6,5,320,1,C
04-11-2022,26.2,33.2,28.9,75,0,3,5,317,1,C
05-11-2022,25.4,32.6,28,78,27.6,2.4,7,320,1,C
06-11-2022,24.2,30.8,27.9,79,-,5,5,320,1,C
07-11-2022,25.6,30.4,27.5,83,2.2,0,3,320,0,C
08-11-2022,25.6,30.2,27.5,80,0.4,2,4,317,1,C
09-11-2022,24.8,31.6,28,78,7.7,0.6,5,320,1,C
10-11-2022,25,31.2,27.6,82,8888,0,5,316,1,C
11-11-2022,26,-,28,76,13.5,0,9,320,2,C
12-11-2022,25.6,32.4,27.6,81,0.6,1.4,5,310,1,C
13-11-2022,25,30.6,27.2,83,8888,5.2,5,310,1,C
14-11-2022,24.2,32.8,28.3,78,-,0,7,317,1,C
15-11-2022,24.8,32.4,29,73,0.5,2.9,5,320,1,C
16-11-2022,27,-,28.7,76,0,3,7,317,2,NW
17-11-2022,24.8,28,26.1,89,42.4,4.2,6,320,1,C
18-11-2022,25,32.4,28.3,76,10.5,0,5,315,2,NW
19-11-2022,25.8,33.2,28.9,74,8888,2.4,4,280,2,W
20-11-2022,26.6,33.6,29.5,70,0,5.8,4,300,2,NW
21-11-2022,26.2,34.6,29.7,66,-,5,6,320,2,C
22-11-2022,24,34.2,29.4,70,-,4.7,10,316,2,NW
23-11-2022,25,33.4,28.8,71,-,7.7,9,320,2,C
24-11-2022,26.2,31,28.6,76,2.7,5.5,4,316,1,C
25-11-2022,25.4,31.4,27.8,76,-,1.6,3,314,0,C
26-11-2022,25,31.4,27.2,82,-,0.9,5,320,1,C
27-11-2022,24.4,31.2,27.7,80,17.2,0,4,320,1,C
28-11-2022,25.4,31.4,28.6,79,2,7.4,7,317,1,C
29-11-2022,24.6,33,28.6,78,16.8,3.2,8,320,2,C
30-11-2022,25,33,28.2,78,-,8.5,3,315,0,C
01-12-2022,26,32.4,28.4,76,0,0.4,9,320,2,C
02-12-2022,26.4,31.4,28.1,78,8888,6.5,5,320,1,C
03-12-2022,25,32,28.3,76,4,1,7,310,1,C
04-12-2022,25,31.2,28.4,77,-,6.5,7,320,2,C
05-12-2022,26,32.2,28.6,76,0,1.8,7,320,1,C
06-12-2022,26.6,30.4,27.9,80,0,5,4,317,1,C
07-12-2022,25.4,31.2,28.2,80,8888,0.4,5,317,0,C
08-12-2022,25,33,27.8,80,-,1.5,5,320,1,C
09-12-2022,25.6,31.8,27.2,82,2.6,0.8,5,320,1,C
10-12-2022,24.2,33.2,27.9,77,14.1,3,4,310,1,C
11-12-2022,25.4,33.4,28.9,70,0.2,5.4,7,310,1,C
12-12-2022,25,33.2,28,77,-,1.2,7,317,2,NW
13-12-2022,25.6,32.4,28.5,69,2,6,9,320,2,NW
14-12-2022,26.8,32,28.1,77,0,3.7,4,316,1,C
15-12-2022,26.6,34.8,30.3,65,-,2,5,316,1,C
16-12-2022,25,32,28.4,73,-,6,6,320,1,C
17-12-2022,25.4,32.2,28.3,80,1.5,1.2,4,310,1,C
18-12-2022,26,32.8,28.3,82,1.7,6.5,4,320,1,C
19-12-2022,25.2,32,28.6,75,4.8,2.4,7,320,2,C
20-12-2022,25.2,31,28.3,76,-,6,9,320,2,C
21-12-2022,25.8,31.8,28.5,80,0,2.8,7,317,2,C
22-12-2022,26.2,31.8,28.4,79,1,4.5,4,317,1,C
23-12-2022,24.6,30,27.2,82,38.5,0.4,5,310,2,C
24-12-2022,24.8,30,27.4,85,2.8,0,7,320,2,C
25-12-2022,24.8,28.2,26.4,86,1.5,1,3,320,1,C
26-12-2022,24.8,29,26.6,87,14.9,0,2,320,0,C
27-12-2022,23.6,29.2,26.3,81,6.3,0,4,316,1,C
28-12-2022,24.2,29.8,25.9,84,0.9,0,8,320,2,C
29-12-2022,23.4,29.2,26.2,84,34,0.8,5,320,1,C
30-12-2022,24,30.6,26.3,87,1.2,0.6,3,314,0,C
31-12-2022,24.6,29.6,26.2,86,4.6,0,7,310,1,C
01-01-2023,23.6,29.8,26.3,87,14.5,0,4,320,1,C 
02-01-2023,24.2,29.4,27.5,81,31.5,0.7,4,320,2,NW
03-01-2023,25,29.6,26.6,82,0.5,0,6,316,1,C 
04-01-2023,24.4,30,26.4,86,2.4,-,5,316,1,C 
05-01-2023,24,32.6,27.4,83,35.3,-,4,317,2,C 
06-01-2023,24.4,33.4,29.6,68,2.3,2.2,4,316,1,C 
07-01-2023,27,33.8,29.6,70,0,6.2,4,340,2,C 
08-01-2023,26.6,32,28.1,76,8888,8,8,320,2,C 
09-01-2023,-,32.6,29,73,8888,3.8,5,320,3,NW
10-01-2023,27.2,34.4,30.1,65,8888,5,6,320,1,C 
11-01-2023,26.2,32,28.8,73,0,5,4,320,1,C 
12-01-2023,-,32.4,29.1,71,-,0,3,320,0,C 
13-01-2023,25,32.6,29.2,74,-,8.3,5,320,1,C 
14-01-2023,26.8,32,29.2,72,8888,4.5,3,300,1,C 
15-01-2023,26.4,34.8,29.8,69,0,6.4,4,260,2,NW
16-01-2023,26.4,32.4,28.9,70,-,6.5,4,320,1,C 
17-01-2023,26,29.4,27.6,77,-,1.2,5,290,1,C 
18-01-2023,26.2,31.6,27.7,78,0,0,7,317,1,C 
19-01-2023,25.8,30.8,27.5,81,3,1,6,250,2,W 
20-01-2023,26,32.4,28.6,72,8888,2.4,3,290,1,C 
21-01-2023,25,31.8,28.6,74,8888,3,8,320,2,C 
22-01-2023,26.4,33.4,29.2,71,0,5,6,250,2,W 
23-01-2023,26,32.2,28.6,70,0,6,3,270,2,W 
24-01-2023,26,34,29.1,71,-,3.2,7,320,2,C 
25-01-2023,25,30.2,27.2,78,8888,5.5,4,316,1,C 
26-01-2023,26.2,30.4,27.8,79,8888,0,3,280,1,C 
27-01-2023,26,29.6,27.6,80,27.5,2.4,5,310,1,C 
28-01-2023,24.5,28.8,25.6,94,26.9,0,3,310,0,C 
29-01-2023,24,29.2,26.7,86,27,0,6,290,1,C 
30-01-2023,25,30.2,28,76,8888,0,5,320,1,C 
31-01-2023,-,29.2,27.8,80,-,3,3,280,1,C 
01-02-2023,25.4,30.2,27,85,0.5,0,4,320,1,C
02-02-2023,24.6,29.5,27.2,88,31.8,0.2,6,320,2,C
03-02-2023,23.2,31.2,26.7,80,25.2,0.2,3,320,1,C
04-02-2023,24,30.2,27.7,83,8888,0.1,5,320,2,W
05-02-2023,26.2,33.6,28.4,77,-,1.2,8,310,2,C
06-02-2023,25,33.4,29.2,67,1.2,5.5,4,290,2,C
07-02-2023,26.4,30.2,27.8,78,0,3,4,240,1,C
08-02-2023,-,32.2,27.1,87,62.8,2,4,310,1,C
09-02-2023,25.2,31.8,27.4,73,1,2.2,9,320,1,C
10-02-2023,25,31.8,27.9,77,9.6,1.5,7,317,2,C
11-02-2023,25.2,29.4,27.5,85,25.8,6.3,4,290,1,C
12-02-2023,23.8,28.6,25,92,40.8,1.5,4,270,2,W
13-02-2023,24.2,30.8,27.6,78,1.8,0,10,320,1,C
14-02-2023,24,30.8,27.3,79,5.4,0.9,7,316,2,NW
15-02-2023,25.8,31,28.1,74,8888,0.9,5,320,1,C
16-02-2023,26.2,31.2,27.1,82,9.5,1.8,3,316,1,C
17-02-2023,25,29.8,27,81,31,1.8,4,320,1,C
18-02-2023,25.4,30.4,27.6,83,2.5,0.2,7,320,2,C
19-02-2023,25.8,30.2,27.5,82,3.8,5.2,4,310,1,C
20-02-2023,26,32.6,27.5,83,0.5,4.3,3,300,1,C
21-02-2023,26.4,31.6,28,77,10,6.5,3,300,1,C
22-02-2023,24.4,30.8,27.3,84,29.7,3,5,280,1,C
23-02-2023,24.6,30.4,26.9,87,21.5,3.2,6,315,1,C
24-02-2023,24.4,29.8,25.8,94,76.9,3.6,4,290,1,C
25-02-2023,24.6,29.4,27,86,74.1,0,5,310,2,W
26-02-2023,24.6,29.6,26.7,88,36.7,0.4,4,320,1,C
27-02-2023,24.8,30,27.1,84,38.9,0.5,5,315,1,C
28-02-2023,24.8,31.6,27,84,20.3,1.5,4,230,1,C
01-03-2023,24.6,29.8,26.7,88,12.7,1,8,315,1,C
02-03-2023,23.4,27,25.1,92,79.5,0.5,4,210,0,C
03-03-2023,23.8,31.8,27,84,3.8,0,9,315,1,C
04-03-2023,24.2,29.6,26.8,81,42.5,2.2,4,300,1,C
05-03-2023,25,29.6,26.6,87,2.2,2,3,310,0,C
06-03-2023,24,33,28.3,71,2.3,2.4,7,310,2,C
07-03-2023,25.2,31.2,27.7,76,8888,5.2,4,315,1,C
08-03-2023,25.6,29.2,26.5,88,4,8,2,250,1,C
09-03-2023,24.8,31.6,27.1,83,9.5,0.5,7,320,1,C
10-03-2023,24,32.4,27.8,81,10,6.1,5,320,1,C
11-03-2023,25.8,33.6,28.5,77,8888,8.4,4,280,1,C
12-03-2023,26.6,30.8,28.4,80,0,8,4,300,1,C
13-03-2023,25.6,32.2,28.4,72,-,2.6,8,315,2,C
14-03-2023,24.2,31.8,27.2,82,-,7.6,7,320,1,C
15-03-2023,24.4,28.4,25.5,90,11,0,4,320,1,C
16-03-2023,24.4,31.2,27.4,82,2.4,0,5,320,1,C
17-03-2023,25.2,32.4,28.6,75,-,8,9,310,2,C
18-03-2023,23.8,32.6,28.3,78,-,9.1,3,317,1,C
19-03-2023,26.4,32,28.7,81,0,8,6,320,2,C
20-03-2023,26,32.4,28.7,75,0,6,5,317,1,C
21-03-2023,25.6,33.6,29.2,69,8888,7.6,5,315,0,C
22-03-2023,25,32.6,29.1,76,8888,7,3,350,0,C
23-03-2023,27.2,33.8,29.3,76,8888,6.7,9,320,1,C
24-03-2023,27.2,32,29.3,78,0,7,7,317,1,C
25-03-2023,27,33.8,27.9,83,-,5,5,320,1,C
26-03-2023,24,30.6,26.8,88,48.7,3,4,300,1,C
27-03-2023,-,32.4,27.4,84,8888,6.5,5,315,1,C
28-03-2023,26,29.6,27.3,86,4.2,3,4,317,0,C
29-03-2023,25.6,32.6,27.5,79,-,0,6,315,1,C
30-03-2023,-,31.8,26.3,92,-,-,4,290,0,C
31-03-2023,25,33.2,28.8,70,3.2,4,9,315,2,C
01-04-2023,26.2,31,28.1,74,0,3,4,260,2,W
02-04-2023,26,33,28.8,76,1.2,0.3,7,320,1,C
03-04-2023,24.6,32.6,28.1,74,-,6.9,8,315,1,C
04-04-2023,25,32.6,28.7,72,18.4,6.7,4,340,1,C
05-04-2023,25.8,33.2,29,69,-,3.2,6,317,1,C
06-04-2023,26.6,34.8,30.3,56,0,9.2,5,315,1,C
07-04-2023,26,32.4,28.7,69,0,5.6,5,316,1,C
08-04-2023,26.6,33.2,28.9,74,0,8,3,290,1,C
09-04-2023,27,32.8,-,-,8888,7.6,4,320,2,NW
10-04-2023,26.8,33,29.1,70,-,5,5,240,2,NW
11-04-2023,24.8,33.8,28.9,75,3,2.9,6,315,3,W
12-04-2023,27,34.8,29.6,66,8888,5.2,11,320,2,NW
13-04-2023,26.6,33.6,29.4,73,0,5.5,3,316,1,C
14-04-2023,26.5,33.4,28.3,79,0,3.4,9,320,2,C
15-04-2023,25,32,28.3,81,66.6,5.8,6,310,1,C
16-04-2023,25.8,33.4,28.9,80,2,6.8,3,270,1,C
17-04-2023,26.8,33.4,29.3,76,12,5.5,3,250,1,C
18-04-2023,26,33.4,29.1,81,13.2,7.2,3,320,1,C
19-04-2023,25,34.4,29.7,79,1.2,4.8,2,240,1,C
20-04-2023,25.6,34.2,28.9,80,29.5,7.6,5,320,0,C
21-04-2023,26.6,33.6,29.2,81,5.8,3.7,15,10,1,C
22-04-2023,25,33.8,29.6,76,-,6.4,3,60,1,C
23-04-2023,26.6,34,29.8,76,-,7,5,100,1,C
24-04-2023,27,34.2,29.5,79,3.6,7,5,320,1,C
25-04-2023,25.8,32.2,28.5,81,9.7,7.5,4,340,0,C
26-04-2023,26.4,33.2,28.7,80,-,3.2,7,320,1,C
27-04-2023,27,33,29.6,79,1.3,7.4,3,330,1,C
28-04-2023,27.4,32.8,29.4,79,0,5.8,4,320,1,C
29-04-2023,26,32.6,28.6,83,0,4.7,4,320,1,C
30-04-2023,25,33,29.6,76,-,3,5,300,1,C
01-05-2023,27.2,31,28.8,80,0,4.8,3,310,0,C
02-05-2023,27.4,34.4,29,84,0,1.4,3,320,1,C
03-05-2023,27.4,33.4,29.8,79,0.5,3,3,310,1,C
04-05-2023,26.4,34.2,29.4,79,2.5,3.8,3,310,1,C
05-05-2023,26,33.4,29.2,80,-,6.6,3,300,1,C
06-05-2023,26,33.2,28.8,82,18.1,3.9,3,320,0,C
07-05-2023,26.6,33.2,28.5,83,-,3.4,6,310,1,C
08-05-2023,26.4,32.8,28.7,78,45.5,4.7,3,340,1,C
09-05-2023,26.4,34.2,30.4,75,-,3,3,110,1,C
10-05-2023,27.2,34,30.3,76,0,3.6,5,120,1,C
11-05-2023,28.1,32.8,29.2,80,0,6.2,3,110,1,C
12-05-2023,28,34.6,30.8,72,-,1.3,6,320,1,C
13-05-2023,27,33.8,29,82,-,7,5,310,1,C
14-05-2023,26.2,33.2,29.5,69,20,6.5,3,220,1,C
15-05-2023,26.2,32.4,28.7,72,0,6,6,314,1,C
16-05-2023,26.8,33.6,29.7,70,0,6.6,4,315,0,C
17-05-2023,27,33.6,29.6,71,0,7.5,5,320,1,C
18-05-2023,27.6,32,29.2,73,0,6.2,3,320,0,C
19-05-2023,27.2,33.2,29.6,74,0,0,6,320,1,C
20-05-2023,27.4,33,29.4,76,0,3.3,5,310,1,C
21-05-2023,27.4,33.8,29.6,79,-,2.5,3,290,1,C
22-05-2023,26.6,33.2,29.1,78,1.8,6,2,250,0,C
23-05-2023,27.2,33.6,29.3,75,-,5.3,5,320,1,C
24-05-2023,27,33.4,29.4,73,-,4.2,3,290,1,C
25-05-2023,-,33.2,29.4,72,-,2,4,320,1,C
26-05-2023,27.4,33.8,30.1,72,0,5.2,3,140,1,C
27-05-2023,27.2,33.4,29.5,76,-,4.4,2,110,1,C
28-05-2023,25.8,32.6,28.7,80,17.8,2.5,5,310,1,C
29-05-2023,25.8,32.6,29.9,75,-,2.5,3,150,1,C
30-05-2023,27.8,32.8,29.6,75,0,3.7,7,320,1,C
31-05-2023,27.2,32.4,29.8,73,0,4,3,313,0,C
01-06-2023,26.6,33.4,29.3,74,-,5,7,320,1,C
02-06-2023,26,34.4,29.9,73,-,6.5,3,100,1,C
03-06-2023,27,33.8,30.2,72,0,5.7,3,170,1,C
04-06-2023,27.8,32.8,29.5,75,0,6.2,2,120,1,C
05-06-2023,27.2,33.6,29.6,74,-,4,6,320,1,C
06-06-2023,26,31.6,27.8,82,0.3,4.4,3,110,0,C
07-06-2023,26,33.8,29.8,72,1.7,0,5,310,1,C
08-06-2023,27,33.6,29.9,75,0,4,5,315,1,C
09-06-2023,-,34,29.2,73,0,3.5,3,310,1,C
10-06-2023,27.4,32.4,29.5,75,0,5.2,3,10,1,C
11-06-2023,26.6,33.4,29.1,73,0,4,5,310,1,C
12-06-2023,26.2,33.8,30.1,72,0,5.6,4,100,1,C
13-06-2023,26.8,34.4,30.1,74,0,3.4,2,100,1,C
14-06-2023,26,33.2,29.7,75,-,2.5,3,60,0,C
15-06-2023,27,33.4,29.5,74,0,2.4,4,320,1,C
16-06-2023,25.4,32.2,26.2,94,0,2,2,140,0,C
17-06-2023,24.6,32,27.9,81,29.3,0,4,310,1,C
18-06-2023,25.4,32,28.7,80,0,1.5,4,320,1,C
19-06-2023,26.2,31.2,27.4,88,0,2.3,3,20,1,C
20-06-2023,25.2,33.2,28.6,78,26.9,0.2,3,90,1,C
21-06-2023,25.8,33,29.5,77,0,3.3,5,320,1,C
22-06-2023,-,33.6,29.2,78,2.5,3.9,3,315,1,C
23-06-2023,26.4,33.2,29.4,77,1,3.7,4,140,2,C
24-06-2023,26.8,32,28.6,79,0,3.6,3,320,1,C
25-06-2023,26,32,28.7,81,31.4,4.2,4,320,1,C
26-06-2023,25.2,31.8,28.5,75,3.5,2.6,5,340,1,C
27-06-2023,26.6,32.2,28.8,76,0,3.7,5,320,1,C
28-06-2023,26,33.6,29.1,68,0,4,5,317,1,C
29-06-2023,25.2,33,28.7,77,30.6,4.2,5,317,1,C
30-06-2023,-,33.2,29.1,76,0,3.5,7,70,2,C
01-07-2023,25,32,29.2,78,0,4.8,2,20,1,C
02-07-2023,27.6,32.4,29.3,75,0,2.7,5,330,1,C
03-07-2023,26.8,32.2,29.1,74,0,-,7,320,1,C
04-07-2023,24.6,33,28.7,74,0,3.5,3,320,0,C
05-07-2023,26.4,33.4,29.3,73,0,5.5,5,70,1,C
06-07-2023,26.4,30.2,27.8,82,1.6,6,3,317,0,C
07-07-2023,-,31.8,28.2,78,2.5,1.5,4,320,0,C
08-07-2023,25.4,32,28.1,80,1.2,1.2,3,110,1,C
09-07-2023,25.4,33.2,28.5,76,0,2.4,4,50,2,S
10-07-2023,26.2,33,29.3,73,0,4.5,4,160,1,C
11-07-2023,26.4,33.2,29.1,72,0,3.4,4,310,1,C
12-07-2023,26,32,29.1,76,-,6.6,5,317,1,C
13-07-2023,26.8,32.6,28.9,72,0,6.3,6,320,1,C
14-07-2023,26.4,32.6,29,72,-,4.5,2,320,1,C
15-07-2023,26,32.6,28.9,73,0,4,8,320,2,C
16-07-2023,25.6,32.8,28.9,74,0,5,4,320,1,C
17-07-2023,26.6,33.4,29.3,68,0,5.6,3,80,1,C
18-07-2023,25.8,33.2,28.8,67,0,5,3,315,1,C
19-07-2023,25.6,34.6,29.5,59,-,6.6,5,310,1,C
20-07-2023,25.2,32.4,27.9,61,0,6.8,4,317,1,C
21-07-2023,25.4,33.6,28.8,67,0,6.6,5,320,1,C
22-07-2023,26.2,32.8,29.1,70,0,4,3,110,1,C
23-07-2023,26,33.6,29,68,0,6,4,320,1,C
24-07-2023,-,32,28.8,76,0,6.8,5,316,1,C
25-07-2023,26,30.8,28,78,8888,2.7,5,320,0,C
26-07-2023,26,30.8,28,74,0,3.3,4,310,1,C
27-07-2023,26.4,32.6,29,72,-,1.5,5,320,1,C
28-07-2023,25,33.2,28.9,68,-,1,6,320,1,C
29-07-2023,26,32.8,28.6,67,0,6.3,3,150,2,E
30-07-2023,25.6,33.2,28.5,66,0,6,5,190,2,C
31-07-2023,-,33,28.2,65,-,4.8,4,320,1,C
01-08-2023,24,33.2,28.7,68,-,6,6,240,2,E
02-08-2023,26,32.4,29.4,72,0,7,4,320,2,S
03-08-2023,26.8,33.6,29.4,75,0,0.7,5,320,1,C
04-08-2023,-,34.2,29.6,74,0,3.5,4,320,1,C
05-08-2023,26.6,33,29.4,71,-,6.5,4,350,1,C
06-08-2023,26.4,33.4,28.8,73,0,6.8,7,20,2,C
07-08-2023,26.2,32.6,28.8,76,0,7,5,310,1,C
08-08-2023,26.4,34,29,77,-,5.2,7,320,2,C
09-08-2023,26,33.4,28.7,75,0,7,4,320,0,C
10-08-2023,25.8,33.2,28.3,76,0,7.2,6,320,1,C
11-08-2023,26.4,31.5,28.6,74,0,6.7,6,320,2,C
12-08-2023,25.8,33.6,28.8,66,-,5,5,310,1,C
13-08-2023,25.6,32.4,28.2,70,0,7,4,180,1,C
14-08-2023,25.8,32.8,28.4,72,0,6.7,4,160,2,C
15-08-2023,26,32.2,28.4,74,0,7,3,40,1,C
16-08-2023,26.4,33.6,28.8,72,-,7,4,320,1,C
17-08-2023,25,32.4,28.2,70,-,5.5,7,350,1,C
18-08-2023,25.8,32.4,28.2,71,0,7.2,10,320,2,C
19-08-2023,26.2,33,28.9,71,0,6.8,4,100,2,C
20-08-2023,26.4,34.8,29.4,72,-,7,5,210,1,C
21-08-2023,25,33.4,29.2,68,0,6.8,4,180,1,C
22-08-2023,26,32.2,28.8,70,0,4.5,5,130,2,C
23-08-2023,26.2,32.6,29,68,0,4.5,5,320,2,C
24-08-2023,26,33.6,29.2,70,0,5.5,3,130,1,C
25-08-2023,26,33,28.8,74,-,7.2,5,320,1,C
26-08-2023,27,32.2,29.1,74,0,7.4,5,70,1,C
27-08-2023,27.4,32.2,29,76,0,4.5,2,30,1,C
28-08-2023,25.6,33.6,28.7,71,1.8,5,3,330,1,C
29-08-2023,25,33.2,28.7,71,-,5,0,0,0,C
30-08-2023,26,32.2,28.5,72,0,7.5,5,80,2,C
31-08-2023,25.2,32.2,28.2,73,0,7.5,5,330,1,C
01-09-2023,25.4,32.6,28,72,-,7,4,300,1,C
02-09-2023,25,31.6,28.5,71,-,7.4,5,310,1,C
03-09-2023,26.6,32.6,28.9,68,8888,4.7,4,190,1,C
04-09-2023,24.2,33.4,28.3,62,0,5.5,5,120,1,C
05-09-2023,24.6,33.6,28.4,63,-,7.5,3,210,0,C
06-09-2023,25.2,33.4,28.7,65,0,8,3,90,0,C
07-09-2023,26,32.6,28.7,70,0,9.2,6,320,1,C
08-09-2023,26.6,33.2,29,74,0,9.3,3,300,1,C
09-09-2023,26.6,33,29.3,72,-,8,8,330,1,C
10-09-2023,26.2,31.8,28.4,66,0,8,4,310,1,C
11-09-2023,26.6,33,29.1,66,0,6.7,5,320,1,C
12-09-2023,26.2,34.4,29.6,65,0,6,4,120,1,C
13-09-2023,26.6,33,29.5,67,-,8,4,290,0,C
14-09-2023,25,33.6,29.2,64,-,7,7,330,1,C
15-09-2023,26,34.2,29.5,65,0,8.2,3,40,1,C
16-09-2023,26.4,33.4,29.3,68,0,9,4,310,1,C
17-09-2023,26.6,33,29.1,70,0,8,6,340,1,C
18-09-2023,26.8,32.4,29,73,0,7.4,9,330,1,C
19-09-2023,27.4,32.6,29.7,72,0,8.2,2,330,0,C
20-09-2023,26.6,32.8,28.9,73,0,3,3,320,0,C
21-09-2023,-,33.4,29.3,70,0,8,6,330,1,C
22-09-2023,25,32.6,28.8,70,-,7,8,340,1,C
23-09-2023,26.4,32.6,28.9,66,0,8,4,310,1,C
24-09-2023,26.6,32.2,28.7,72,0,3.6,6,310,1,C
25-09-2023,25.6,34.2,29.3,66,-,6,5,270,1,C
26-09-2023,25,34,29.5,66,-,9,4,320,0,C
27-09-2023,26,35,29.8,58,0,9,3,130,1,C
28-09-2023,-,35.2,30,58,0,9.8,7,80,1,C
29-09-2023,26.8,36.8,30.4,59,0,9.5,3,130,1,C
30-09-2023,25.6,33,29.1,70,-,9.2,3,280,1,C
01-10-2023,26.6,32.8,28.9,72,0,8,3,330,1,C
02-10-2023,26.8,33,29.2,70,0,4.3,7,320,1,C
03-10-2023,26.6,34.2,29.2,67,0,4.8,6,340,2,C
04-10-2023,25,33,29,74,-,8,3,230,1,C
05-10-2023,27.2,34,29.8,74,0,8,3,240,0,C
06-10-2023,-,32.4,29.3,76,-,8.5,5,360,1,C
07-10-2023,26.4,33.6,29.6,74,0,4.4,7,340,1,C
08-10-2023,26,33.4,29.7,73,-,4.9,4,310,1,C
09-10-2023,27,34.6,30.1,72,0,7.5,3,90,1,C
10-10-2023,27.8,34.8,30.7,65,0,8,8,320,1,C
11-10-2023,27.6,33.8,30.1,72,-,7,5,100,1,C
12-10-2023,28,35.2,30.2,74,0,6.2,4,310,1,C
13-10-2023,28,35,30.1,74,0,7.6,9,320,2,C
14-10-2023,28,33.6,30.3,65,0,7,7,320,2,C
15-10-2023,27.4,36,30.8,61,-,6,5,60,1,C
16-10-2023,27.6,35,30.1,69,0,5.7,8,320,1,C
17-10-2023,28,36.6,31.8,60,0,8,9,100,2,C
18-10-2023,26,33.4,30.3,62,0,7.6,6,340,2,C
19-10-2023,27.6,34.8,30.7,66,-,7.5,5,100,1,C
20-10-2023,26,33,29.9,73,-,6.4,5,320,2,C
21-10-2023,28,34.6,30.2,71,0,7.2,3,340,1,C
22-10-2023,27.8,33.8,30.4,65,-,8,3,300,1,C
23-10-2023,24,34,27,78,0,8,6,280,2,C
24-10-2023,26,33,29.4,72,-,8,5,340,1,C
25-10-2023,26.4,33,29.5,72,8888,2,9,330,1,C
26-10-2023,27.2,33.6,30.1,72,0,4.4,6,340,1,C
27-10-2023,27,33.8,30.1,72,0,7,3,260,0,C
28-10-2023,27,33.6,30.3,68,-,7,5,320,1,C
29-10-2023,27,34,29.8,69,0,8,3,250,1,C
30-10-2023,27,33.8,30.7,67,0,7.8,5,300,1,C
31-10-2023,27.8,33.6,29.8,74,-,6.5,5,330,1,C
01-11-2023,27,33.2,29.8,72,8,4.3,6,330,1,C
02-11-2023,27.6,33.4,30.3,71,0,3.5,4,320,1,C
03-11-2023,27.8,33.4,30.2,70,0,4,5,330,1,C
04-11-2023,27.6,32.6,28.2,80,-,4.2,4,330,1,C
05-11-2023,24.4,32.6,28.7,80,28,1.5,6,290,1,C
06-11-2023,25,33.4,30.1,75,0,0.6,5,320,0,C
07-11-2023,27.4,33.4,30.4,71,0,5.2,7,320,2,C
08-11-2023,27.6,33.6,30.4,72,-,3.2,8,330,1,C
09-11-2023,27,-,30,72,0,0,5,320,1,C
10-11-2023,27,33.4,29.2,79,0,0,4,320,1,C
11-11-2023,26.2,33.2,29.3,76,4.5,0,4,340,1,C
12-11-2023,-,34,30.1,71,0,0,5,320,1,C
13-11-2023,26,35.6,31.2,67,-,0,3,240,1,C
14-11-2023,28,34.4,29.7,76,8888,8,5,320,1,C
15-11-2023,25.2,33.4,29.6,74,39,0,4,320,1,C
16-11-2023,26.2,34.2,29.7,74,-,4.2,6,320,2,C
17-11-2023,26,33.4,29.8,75,11,7.6,4,20,1,C
18-11-2023,27,33.4,29.2,76,0.4,6.2,4,320,1,C
19-11-2023,27,33.4,29.6,78,1,6,5,330,1,C
20-11-2023,26,34.2,30.4,69,4,7.8,7,320,1,C
21-11-2023,27.4,33.6,30.2,72,0,6.3,9,330,2,C
22-11-2023,26,33.6,30,73,15,6.8,9,320,2,C
23-11-2023,27.4,32.2,29.2,78,3.1,3,6,320,1,C
24-11-2023,26.8,32.8,28.6,82,0,0,5,330,1,C
25-11-2023,25,29.6,26.1,89,3.5,1,2,150,0,C
26-11-2023,24.8,32.8,29.1,75,18.1,0,4,330,1,C
27-11-2023,26.4,32.2,28.2,78,-,5.2,3,320,1,C
28-11-2023,26.4,33,29.5,73,-,0,5,320,0,C
29-11-2023,-,34.2,29.8,76,2.5,-,2,20,0,C
30-11-2023,25.8,32.6,28.3,80,18.1,6.2,5,330,1,C
01-12-2023,26.4,30.4,26.9,87,3,2.3,2,300,0,C
02-12-2023,25.8,33.6,29.4,74,1.1,0,6,320,1,C
03-12-2023,26,32.2,28.6,78,-,6.1,4,260,1,C
04-12-2023,26,29,26.7,86,2.3,1.7,2,120,0,C
05-12-2023,24.8,32.4,29.4,74,1.4,0,5,320,1,C
06-12-2023,26.2,33.4,29.4,74,-,6.5,5,320,1,C
07-12-2023,27.2,33.4,29.2,79,0,6.7,4,320,1,C
08-12-2023,26.4,32.6,29.4,76,0,0.6,5,320,1,C
09-12-2023,26.6,32.4,29.1,76,0,3.6,3,300,1,C
10-12-2023,26.8,32,29.2,77,0,1,4,50,1,C
11-12-2023,26.8,33,30,72,0,0,7,320,2,C
12-12-2023,28,33.2,29.7,71,0,7,5,340,1,C
13-12-2023,26.4,33,30.1,70,0,3.8,9,320,2,C
14-12-2023,26.8,33.8,30.6,69,0,6.8,7,320,2,C
15-12-2023,25,33.4,30.4,65,-,7.6,4,330,1,C
16-12-2023,26.4,33.6,30.3,64,0,5.2,5,310,2,C
17-12-2023,26.4,34.8,30.6,65,0,7.7,5,330,2,W
18-12-2023,26.8,34.2,30.7,66,0,7.8,8,310,1,C
19-12-2023,25.8,34.4,30.3,62,-,7.5,7,320,2,C
20-12-2023,26.2,35.6,30.3,56,-,-,4,340,1,C
21-12-2023,25.4,34.6,29.9,62,0,8,8,340,2,C
22-12-2023,26.2,33.2,30.1,65,-,7,5,330,1,C
23-12-2023,26,33.8,31,65,-,1.8,4,280,1,C
24-12-2023,28,33.6,30.6,70,0,6.6,4,300,1,C
25-12-2023,27,32.2,28.3,80,0,5.3,5,320,1,C
26-12-2023,25.2,31,28.4,80,36,2,4,320,1,C
27-12-2023,26.4,33.2,28.7,80,0,0,9,320,1,C
28-12-2023,26.6,33.2,29.9,76,2.5,3.8,4,320,1,C
29-12-2023,27.2,33,29.3,79,-,-,5,320,1,C
30-12-2023,26.4,32.6,29.2,79,2,4,5,330,1,C
31-12-2023,27.2,32.2,28.3,80,0,2.4,5,290,1,C
01-01-2024,26.4,32.2,29.6,77,1.8,5.6,4,290,1,C 
02-01-2024,27.2,31.8,29.7,78,0,0.7,5,300,1,C 
03-01-2024,26.6,30.2,28,84,2.5,0,3,260,1,C 
04-01-2024,26.4,31.4,27.1,87,8.5,0,3,330,0,C 
05-01-2024,25,32.4,28.1,80,30.8,0,5,330,1,C 
06-01-2024,25.2,32.2,27.8,83,1,4,4,240,1,C 
07-01-2024,25.8,33.2,28.1,80,1.3,3.7,3,320,1,C 
08-01-2024,25.8,31.6,28.3,79,-,4.2,5,320,1,C 
09-01-2024,25,33.8,29.2,76,-,0,7,320,2,C 
10-01-2024,26.4,32.8,29.2,76,-,6,6,320,2,C 
11-01-2024,26.8,32.8,27.3,87,0,3.8,5,320,1,C 
12-01-2024,25,33.4,28.6,75,42,0.8,5,240,2,C 
13-01-2024,26.2,32.4,28.4,80,0,3,4,310,1,C 
14-01-2024,26.2,32.4,29.5,76,2.4,0.4,7,330,2,C 
15-01-2024,26,31.4,29.4,74,-,3.9,6,340,2,NW
16-01-2024,27.2,34.6,30.2,69,0,3.2,9,320,2,W 
17-01-2024,27.2,32,28.4,80,-,5.6,4,320,1,C 
18-01-2024,25,32.6,28.2,79,1.5,1,7,260,2,W 
19-01-2024,24.8,28.4,26.4,85,7.7,1,4,250,2,W 
20-01-2024,24.8,35.4,30.5,64,11,0,7,300,2,C 
21-01-2024,26,32.8,28.8,76,-,8,10,230,2,SW
22-01-2024,26.4,35,30.4,66,7,5.4,8,320,3,W 
23-01-2024,27,34.6,30.1,68,-,5.8,5,260,1,C 
24-01-2024,26,33.6,30.2,67,-,2.7,6,260,2,C 
25-01-2024,27,33,30.1,72,0,5.7,4,320,1,C 
26-01-2024,27,32.4,29.1,78,0,6.7,10,320,3,NW
27-01-2024,25.6,28.4,26.3,90,14,2.5,3,330,0,C 
28-01-2024,25,30.6,27.4,85,28,0,5,320,1,C 
29-01-2024,24,29.8,27.2,88,24,1.2,5,320,1,C 
30-01-2024,24.6,32.8,26.9,88,17.6,0.8,5,320,1,C 
31-01-2024,25,31.4,27.9,81,110.5,0.7,4,320,1,C 
01-02-2024,25,31.6,27.8,83,8888,2.2,7,340,1,C
02-02-2024,25.6,34.2,28.2,81,20.1,3.1,5,340,1,C
03-02-2024,25,31.6,28.1,79,20.3,3.2,4,270,2,W
04-02-2024,26.2,31,28,81,,0.8,4,340,1,C
05-02-2024,26,32,27.9,84,14,2.4,10,320,1,C
06-02-2024,26.2,31,26.4,86,6.8,3.4,9,250,1,C
07-02-2024,24.6,33.4,28.9,75,14.8,3.5,5,260,1,C
08-02-2024,25.4,32.6,29.3,76,,5,11,330,2,C
09-02-2024,26,31,29,79,,8.5,6,320,2,NW
10-02-2024,25.2,32,28.6,79,102,4.2,6,310,1,C
11-02-2024,26.6,32,28.8,78,0,5.2,7,300,2,NW
12-02-2024,26.2,32.6,28.6,81,5.8,7.6,10,360,2,C
13-02-2024,26,31.2,28.6,80,3,5,8,320,2,C
14-02-2024,24.4,30,27.6,85,140.9,6.8,3,310,0,C
15-02-2024,25.6,31.4,28.5,85,3,2.1,5,300,1,C
16-02-2024,26.4,30,28.1,85,7.5,0.8,8,320,2,C
17-02-2024,25,31,28.3,82,18.4,0.2,4,300,1,C
18-02-2024,26,30.4,28.6,80,0,3,7,340,2,C
19-02-2024,26.6,32.4,29.5,78,0,2.7,9,300,2,C
20-02-2024,26.8,33,29.8,78,,5.2,9,340,2,C
21-02-2024,26,33,29.5,77,0.2,7.2,5,320,1,C
22-02-2024,27.4,34,30.6,74,0,0.3,7,350,3,C
23-02-2024,27.2,34,30.3,72,3.2,5.8,4,330,2,C
24-02-2024,27.4,31.6,28.9,80,,2.4,9,330,3,C
25-02-2024,26,32.8,28.4,81,5.7,3.8,9,340,2,C
26-02-2024,25.6,31,28.7,79,20.8,1.7,4,340,0,C
27-02-2024,26.2,32.2,29.1,78,0,2.5,6,340,1,C
28-02-2024,24.8,30.8,27.6,88,38.5,5.2,4,350,1,C
29-02-2024,25,27,26.1,92,75.5,0.3,2,320,0,C
01-03-2024,25.2,32.4,29.1,77,10,0,5,330,2,C
02-03-2024,26.4,30.4,27.7,86,-,5.2,4,310,1,NW
03-03-2024,25.8,31,27.7,86,17.7,0,6,310,2,C
04-03-2024,25,34,29.2,74,6.8,0.2,4,270,2,C
05-03-2024,26.4,35.2,30.2,71,1,1,5,260,2,C
06-03-2024,27.2,33.8,29.6,75,8888,2.4,5,320,2,C
07-03-2024,26.8,34.6,29.7,74,4,1.2,5,240,1,C
08-03-2024,25,32,29.2,75,0,4.6,4,260,1,C
09-03-2024,-,-,-,94,4.2,0.5,5,270,0,C
10-03-2024,24.2,30.8,27.9,86,47.7,0,4,290,1,C
11-03-2024,25.4,29.8,27.9,86,10.4,0.2,6,330,1,C
12-03-2024,25,31.4,28.8,79,16,0,3,310,1,C
13-03-2024,26.4,31.6,28.2,84,4.3,3,7,330,2,C
14-03-2024,26.6,29.6,27.2,86,24,1.2,6,320,1,C
15-03-2024,24.6,30.8,27.4,83,31.8,0,5,270,1,C
16-03-2024,24,30,26,91,6.5,0,2,330,1,C
17-03-2024,-,29,27,85,19,1,4,230,2,W
18-03-2024,25.6,32.4,29,77,21.7,2.1,6,320,2,C
19-03-2024,26.2,34.8,30.2,65,0.3,5,6,260,1,C
20-03-2024,25,35.4,30.4,63,-,9.9,7,240,3,W
21-03-2024,26,32,29,77,0,9.7,6,340,2,C
22-03-2024,25.2,29.6,26.4,91,63.3,9,0,0,0,C
23-03-2024,25.4,33.6,29.8,75,3.8,0,5,340,1,C
24-03-2024,26,33.4,29.9,77,-,9.9,3,300,1,C
25-03-2024,27.2,32,29.2,80,-,8,4,340,1,C
26-03-2024,27.4,34.2,30.2,75,-,5,5,120,1,C
27-03-2024,27.2,30.8,28.3,82,0.4,5.2,3,340,1,C
28-03-2024,26,32.4,29.3,77,-,0,6,320,1,C
29-03-2024,26.8,33.4,29.8,75,0,5.5,3,90,0,C
30-03-2024,27.2,33.6,29.7,77,-,6.2,3,340,1,C
31-03-2024,27.4,33.4,28.9,82,-,4.5,8,340,1,C
01-04-2024,26,33,29.2,78,18.2,4,4,340,1,C
02-04-2024,27.2,31.8,29.5,77,1.2,5.4,4,320,1,C
03-04-2024,27.4,32.6,28.3,83,0,2,8,340,2,C
04-04-2024,26,34.4,30.2,75,5.6,4,8,330,1,C
05-04-2024,26,32.4,29.6,80,,6.2,2,80,0,C
06-04-2024,26.6,32.4,29.2,80,2.8,1.2,3,320,1,C
07-04-2024,26.4,34.4,30.1,76,,1,5,330,2,C
08-04-2024,26,33,30,72,,4.8,3,300,2,C
09-04-2024,27.4,32.2,28.6,81,,5,3,320,0,C
10-04-2024,26.4,33.4,28.7,78,8.7,0.8,5,330,1,C
11-04-2024,26.4,32.4,29,80,0.7,5,4,340,2,C
12-04-2024,25.2,32.4,27.7,86,39,3.5,5,330,1,C
13-04-2024,26,32.8,29.5,79,1,3.7,3,120,2,C
14-04-2024,26.8,33.4,28.9,80,8888,7.5,4,10,1,C
15-04-2024,,33.6,30.1,75,1,5.5,3,60,1,C
16-04-2024,26.4,34.6,30.9,74,,4.5,4,150,1,C
17-04-2024,26,33.4,28.8,81,,3.5,8,330,2,C
18-04-2024,25.4,33.4,29.6,75,27.2,3.6,8,320,2,C
19-04-2024,27.2,33.2,29.5,76,0,3.7,3,340,1,C
20-04-2024,27,33.6,30.1,76,,0.6,3,190,1,C
21-04-2024,26,33,29.6,76,,2.3,4,320,1,C
22-04-2024,27.4,34,30.9,73,0,2.5,4,320,1,C
23-04-2024,28,32.8,29.8,77,0,7,6,320,1,C
24-04-2024,27.4,34.4,30,78,,3.5,6,350,1,C
25-04-2024,25.6,32,29,81,13,1,3,360,1,C
26-04-2024,26.4,34.4,30.2,77,0.4,0,5,350,1,C
27-04-2024,27.4,34.4,29.5,78,0,7,3,150,1,C
28-04-2024,26.2,33.6,30.2,78,2,5.5,6,360,1,C
29-04-2024,26.8,35,31.3,74,,2.7,5,360,2,C
30-04-2024,28,34.4,31,74,0,6.8,4,350,1,C
01-05-2024,28,33,30.4,76,-,5.6,4,360,1,C
02-05-2024,28,-,31.3,72,-,0.6,6,70,1,C
03-05-2024,27,33.8,30.7,73,-,2.8,7,360,2,C
04-05-2024,28,34,30.3,70,0,6.2,6,300,1,C
05-05-2024,27.4,34.6,30.8,71,0,5,6,360,1,C
06-05-2024,27,33.4,30.5,68,-,5.8,3,300,0,C
07-05-2024,28,35,31,68,0,3.7,2,50,1,C
08-05-2024,28,34.2,30.5,71,-,6.5,3,310,1,C
09-05-2024,27,35.2,30.6,73,-,4.2,3,120,1,C
10-05-2024,27.8,34.6,30.9,73,-,6,3,140,1,C
11-05-2024,28,36.6,31.1,71,-,7,5,360,2,C
12-05-2024,28,35,31,70,-,5.5,4,140,2,C
13-05-2024,28,34.8,30.9,72,0,5.7,4,360,1,C
14-05-2024,28,32.4,28.5,84,0,6,4,360,1,C
15-05-2024,27,34,30.7,71,28.5,0,4,360,1,C
16-05-2024,-,34.2,30.4,73,-,4.5,5,360,1,C
17-05-2024,-,34.6,30.4,70,-,5.5,3,70,1,C
18-05-2024,27.4,34.8,30.6,69,-,4.5,4,350,1,C
19-05-2024,27,33.2,30.3,70,-,4.5,4,340,1,C
20-05-2024,27.4,34.4,30.6,68,-,6.5,2,110,1,C
21-05-2024,27.4,33,30.5,70,0,3.4,6,310,1,C
22-05-2024,28,33.8,30.6,72,0,5.2,5,360,2,C
23-05-2024,28,32,28.9,81,-,3.2,5,360,1,C
24-05-2024,26,33.4,29.3,78,8888,0,3,360,1,C
25-05-2024,26.6,33,27.2,86,3.5,4,3,110,1,C
26-05-2024,26.4,33,29.5,77,2.1,0,4,350,1,C
27-05-2024,26.8,35.6,31,70,-,0.4,4,350,1,C
28-05-2024,27,34,30.7,74,-,6,9,360,2,C
29-05-2024,28,34.2,30.8,73,0,6.4,3,360,1,C
30-05-2024,28,33.4,30.6,74,0,4.4,2,130,1,C
31-05-2024,28,34.6,30.8,74,-,5.2,4,340,1,C
01-06-2024,26.6,33,29.7,76,-,2.8,3,130,1,C
02-06-2024,-,33.6,29.7,78,-,1,3,350,0,C
03-06-2024,-,33.8,28.8,82,1.5,1.5,2,320,0,C
04-06-2024,27.2,33.4,29.6,78,-,0.4,3,280,1,C
05-06-2024,27,33.4,30,72,-,3,3,320,1,C
06-06-2024,26.6,35.6,30.7,68,-,6,4,310,1,C
07-06-2024,27,33.2,29.9,73,-,6.6,8,360,2,C
08-06-2024,27.2,33.8,30.5,72,-,6,4,80,2,E
09-06-2024,27.6,33.4,29.6,75,0,6.8,5,310,1,C
10-06-2024,27,34,30.7,73,0,3.6,6,360,1,C
11-06-2024,27,33.4,28.4,85,-,4.2,3,310,1,C
12-06-2024,26,32.2,28.9,79,12.9,3.2,3,360,0,C
13-06-2024,26,32.6,29,78,0,3,3,360,1,C
14-06-2024,-,33.6,29.7,75,8888,1,7,360,2,C
15-06-2024,26,33.2,28.9,78,-,6.8,5,340,2,NW
16-06-2024,24.2,30.4,28.2,82,65.6,3,3,310,1,C
17-06-2024,25,32.4,29.7,75,0,1.7,5,320,2,C
18-06-2024,27.2,32.6,29.3,77,0,6.7,8,360,2,C
19-06-2024,26,33.8,29.8,71,-,0.5,3,360,1,C
20-06-2024,25.8,33.6,29.7,66,-,7,5,360,1,C
21-06-2024,-,34.2,29.8,70,-,7,3,320,1,C
22-06-2024,27,33.4,29.2,72,0,6.7,5,360,1,C
23-06-2024,-,34.4,30.2,62,-,0.8,3,70,1,C
24-06-2024,26.4,33.4,29.9,72,-,7,4,70,1,C
25-06-2024,27.2,32.4,27.3,83,0,3.8,3,30,1,C
26-06-2024,25.4,34.4,29.8,75,24,2,4,350,1,C
27-06-2024,26,33.2,29.7,77,-,7,3,20,1,C
28-06-2024,27.4,33.4,29.6,78,2.5,5.5,5,300,1,C
29-06-2024,-,-,-,82,-,6.5,4,320,1,C
30-06-2024,25.4,33,29.4,76,3,0.6,7,330,2,C
01-07-2024,26,32,29,77,-,6,4,310,1,C
02-07-2024,25.6,30.8,28.5,81,0.6,2.5,4,310,0,C
03-07-2024,26.6,32.4,28.1,79,0,1.3,6,360,1,C
04-07-2024,25.6,32.6,27.1,84,2.5,5.8,5,360,1,C
05-07-2024,24.6,32.2,27,84,14.5,1.6,4,140,1,C
06-07-2024,24.6,28.4,24.8,92,15.3,4.2,3,120,0,C
07-07-2024,23.6,30.4,27.4,81,49.3,0.5,3,140,0,C
08-07-2024,-,33.6,-,-,-,-,4,360,1,C
09-07-2024,24.8,31.6,28.1,83,54,7,5,310,1,C
10-07-2024,25,33.2,28.7,76,1.6,2,4,360,1,C
11-07-2024,26.2,33.2,28.6,76,0,5.3,3,310,1,C
12-07-2024,26,33.4,28.8,67,0,6.8,7,360,2,C
13-07-2024,24,32.8,28.3,67,0,5.5,3,10,1,C
14-07-2024,25,32,28,66,0,6.5,3,80,1,C
15-07-2024,24.2,32.8,27.4,68,0,7,4,330,1,C
16-07-2024,24.2,34.6,28.6,66,0,7,5,350,1,C
17-07-2024,24,33.2,28.5,72,0,7,4,50,2,E
18-07-2024,26,33,29.5,69,0,6.5,4,360,2,C
19-07-2024,26.6,33.4,29.2,69,0,4.8,4,50,1,C
20-07-2024,25.6,33.4,28.6,67,0,4.4,4,360,2,C
21-07-2024,26,34.4,29.4,67,0,7,5,350,1,C
22-07-2024,25,33.6,28.7,73,0,6,4,360,1,C
23-07-2024,26.6,32.6,28.9,66,0,6.6,5,320,2,C
24-07-2024,26.8,32.6,29,70,0,6.4,4,300,1,C
25-07-2024,25,32,28.4,72,0,3.2,3,310,1,C
26-07-2024,26.2,33.2,28.9,71,0,3.6,4,360,1,C
27-07-2024,26.4,34.4,29.5,69,0,4.2,5,360,1,C
28-07-2024,25,32.4,29,72,0,6.5,3,330,1,C
29-07-2024,26.4,34,29.3,68,0,6.2,3,70,1,C
30-07-2024,26.2,33.6,29.3,69,0,6.5,7,360,1,C
31-07-2024,26.8,33.6,29.4,72,0,7,3,340,1,C
01-08-2024,27.2,33,28.7,77,0,7,7,360,2,C
02-08-2024,25,32.6,28.8,75,8888,0.6,5,320,1,C
03-08-2024,25.4,33.6,28.6,78,2.6,5.4,3,40,1,C
04-08-2024,26.6,33.4,29.3,75,0,7,5,10,1,C
05-08-2024,26.2,31.6,28.5,74,5,7.1,6,320,2,C
06-08-2024,26.2,33.8,29.2,69,0,2.5,5,360,1,C
07-08-2024,25,33.2,28.9,72,0,7,7,330,1,C
08-08-2024,27,33.6,29.4,68,0,7,3,110,1,C
09-08-2024,27,35.2,29.7,70,0,2.5,3,360,1,C
10-08-2024,25,33.8,29.5,72,0,7,3,20,1,C
11-08-2024,26.6,31.8,29.1,71,0,7.2,8,340,2,C
12-08-2024,26.6,33,29,62,0,5.4,5,320,1,C
13-08-2024,24.8,34.8,29,61,0,5.3,3,130,1,C
14-08-2024,25,34.4,29.3,68,0,7.3,2,110,1,E
15-08-2024,26.2,33.4,29.2,69,0,7.3,6,320,1,C
16-08-2024,27,33.4,29,69,0,6.5,4,290,1,C
17-08-2024,27,33.2,29.4,69,0,4.5,5,320,1,C
18-08-2024,25,33.6,29,72,0,4,4,330,1,C
19-08-2024,26.6,32.6,29.1,73,0,7.2,4,320,1,C
20-08-2024,26.4,33.4,28.8,76,0,7.5,6,320,1,C
21-08-2024,26.8,33.6,29.1,74,0,6,5,330,1,C
22-08-2024,25,33.4,29.1,73,0,6.8,4,310,1,C
23-08-2024,26.6,32,28.8,76,0,6,4,280,1,C
24-08-2024,26.4,32.6,28.5,73,0,6,5,360,1,C
25-08-2024,26.6,33.6,28.7,68,0,7,7,350,1,C
26-08-2024,26,32.8,29.4,70,0,7,6,320,2,C
27-08-2024,26.6,33.4,29.1,71,0,7.4,6,340,1,C
28-08-2024,26.8,33.4,28.7,64,0,7.5,7,330,2,C
29-08-2024,27,33.6,30.4,65,0,7,5,320,1,C
30-08-2024,25,33.2,28.8,67,0,4.2,6,330,1,C
31-08-2024,26.4,33.4,28.6,70,0,3.5,6,320,1,C
01-09-2024,26.6,33.4,29,71,0,8,4,330,1,C
02-09-2024,27,33.6,30,74,0,7,3,300,0,C
03-09-2024,26,33,29.3,72,0,6.9,5,330,2,C
04-09-2024,27.2,34.6,30.1,64,0,6.2,3,50,1,C
05-09-2024,27.6,33.4,30.1,66,0,7,4,300,1,C
06-09-2024,27.6,35.4,30.6,67,0,6.8,3,330,1,C
07-09-2024,26,35.2,30.4,64,0,7,4,120,2,C
08-09-2024,27.4,34.8,30.1,67,0,8,12,330,2,C
09-09-2024,28,33,28.6,74,0,7.9,8,320,2,C
10-09-2024,25.8,31.6,28,80,22.4,6.5,4,320,1,C
11-09-2024,25,34.2,29.6,67,0,1.6,5,120,1,C
12-09-2024,26.8,32.8,28.9,74,0,4.1,6,230,2,C
13-09-2024,24,32.4,27.6,79,48.7,4.9,7,90,1,C
14-09-2024,25,33.6,28.9,66,0,5.8,7,340,1,C
15-09-2024,25,33.6,28.8,69,0,5,4,340,1,C
16-09-2024,26.2,33.6,29,67,0,7.9,5,310,2,C
17-09-2024,26.8,33.6,28.8,65,0,6.5,4,310,2,NW
18-09-2024,26,33.2,28.3,67,0,5,8,320,2,C
19-09-2024,25,32.6,28.5,62,0,7.9,4,320,1,C
20-09-2024,26.4,32.6,29.1,71,0,8,5,320,1,C
21-09-2024,27,33.2,29.4,71,0,7.6,4,360,2,C
22-09-2024,27.2,34.4,29.8,76,0,8,5,340,1,C
23-09-2024,26,33.4,29.9,76,0,3.6,3,120,1,C
24-09-2024,26.4,33.4,28,82,0,4.5,5,150,1,C
25-09-2024,26.4,33.4,27.3,80,2,2.3,5,320,1,C
26-09-2024,23.6,33,27.6,81,44.4,6.2,8,300,1,C
27-09-2024,25,33.6,28.7,81,55,6,3,80,0,C
28-09-2024,25.6,34.6,30.6,73,0,8,5,60,2,C
29-09-2024,27.6,34.4,30.1,73,0,6.3,3,120,1,C
30-09-2024,27.2,34.6,30.1,71,0,7,3,70,1,C
01-10-2024,26,34.2,30.2,71,0,8,4,310,1,C
02-10-2024,27.8,34,30.5,70,0,8,5,320,1,C
03-10-2024,28.2,33.8,30.3,69,8888,6.8,4,110,1,C
04-10-2024,27.4,34.6,30.4,69,0,2.2,6,360,1,C
05-10-2024,26,32.6,29.6,72,0,5.4,6,350,2,C
06-10-2024,27.2,32.4,29.7,72,8888,7.5,6,320,1,C
07-10-2024,27,35.8,30.5,62,0,5.5,5,140,1,C
08-10-2024,27.4,34.8,30.6,64,0,8,6,320,1,C
09-10-2024,26,33.8,30.2,69,0,6.8,4,300,1,C
10-10-2024,28.2,34.2,30.9,69,0,8,7,320,1,C
11-10-2024,28.2,35.4,31,68,0,7.9,3,70,1,C
12-10-2024,28,34.6,30.6,70,0,8,5,340,1,C
13-10-2024,26,31.4,29.5,77,0,2.6,5,340,1,C
14-10-2024,27.2,32.4,29.6,73,0,0.4,4,340,1,C
15-10-2024,27,33.2,28.9,73,2.2,2.5,3,240,1,C
16-10-2024,26.8,34.6,30,72,0,3,4,330,1,C
17-10-2024,25,34,29.1,62,0,7.3,5,330,1,C
18-10-2024,26.2,33.6,29.4,64,0,8,4,310,1,C
19-10-2024,27.2,33.2,29.9,69,0,8,3,10,1,C
20-10-2024,27,36.4,31.1,60,0,8,7,290,2,C
21-10-2024,25,33.8,30.1,64,0,8,5,300,1,C
22-10-2024,27.4,34.6,30.3,67,0,5.7,5,320,1,C
23-10-2024,28,34.2,30.4,69,0,8,4,160,1,C
24-10-2024,26,33.6,29.4,74,46.6,6.6,3,310,1,C
25-10-2024,25,33.8,28.2,80,5,2.3,4,330,1,C
26-10-2024,25.4,34.2,30.2,68,7.6,5,5,340,1,C
27-10-2024,27.4,34.2,30.1,71,0,8,8,330,2,C
28-10-2024,27.2,34.6,30.2,67,0,8,7,340,1,C
29-10-2024,26,34,30.8,69,0,0.6,4,300,1,C
30-10-2024,28,34.4,30.9,65,0,6.5,5,210,1,C
31-10-2024,27.4,34.6,30.4,70,0,6.5,3,340,1,C
01-11-2024,27.4,35,30.3,68,0,6.3,3,330,1,C
02-11-2024,26,34.6,28.9,79,0,2.6,10,320,2,C
03-11-2024,25.6,32.8,27.7,79,24.5,6.2,5,320,1,C
04-11-2024,25,31.4,27.6,82,18.4,5.1,3,30,1,C
05-11-2024,25.2,33.6,28.6,78,0,2.8,6,320,2,C
06-11-2024,25,33.4,29.3,73,14.5,6,5,100,1,C
07-11-2024,26.8,33.4,29.5,75,0,3.5,4,300,1,C
08-11-2024,26.8,33.8,30,70,0,3.5,4,300,1,C
09-11-2024,27.8,33.6,29.1,76,0,5.7,3,320,1,C
10-11-2024,25,33.2,28.7,77,0,4.9,4,300,1,C
11-11-2024,27.2,33.4,28.6,79,0,3.3,5,330,1,C
12-11-2024,25.4,31.8,28.3,80,5.6,2.8,3,320,1,C
13-11-2024,26.4,34.8,29.6,74,1.2,2.4,5,310,1,C
14-11-2024,26,34.6,30,76,0,4.6,5,320,1,C
15-11-2024,27.2,34.4,30,73,0,5,4,10,1,C
16-11-2024,27.8,32.4,28.6,84,1,3.5,4,320,1,C
17-11-2024,26.2,33.6,29.6,78,7.2,1.2,5,310,1,C
18-11-2024,26,32.8,28.6,83,17.8,3.4,6,320,2,C
19-11-2024,26.8,34,29.2,78,0,5.8,5,320,1,C
20-11-2024,26.2,33.6,29.5,75,8,4.4,4,250,1,C
21-11-2024,26.8,33.2,29.7,75,0,4.2,7,330,1,C
22-11-2024,25,34.4,29.4,74,0,5.6,6,270,2,C
23-11-2024,26.6,34.4,29,77,0,5.5,3,270,1,C
24-11-2024,26.4,35.2,29.6,73,0,2.4,5,310,1,C
25-11-2024,27,34,30.1,72,0,3.8,6,250,2,C
26-11-2024,26,34,28.9,76,0,3.1,5,330,1,C
27-11-2024,27.2,32.6,29,79,1.6,5.5,6,340,1,C
28-11-2024,25.4,33.8,29.4,72,50,2.3,5,240,2,W
29-11-2024,26.4,35,29.8,67,0.6,2,10,260,2,C
30-11-2024,25,35.2,30.4,66,0,0.9,5,230,2,W
01-12-2024,27.6,35.4,30.4,68,0.6,2.5,6,220,3,SW
02-12-2024,26.4,35.2,29.3,72,5,6.8,8,100,3,W
03-12-2024,26,31.4,27.3,79,26,1.4,6,270,2,C
04-12-2024,25,30,27.1,83,4,0.5,5,250,2,W
05-12-2024,25,32.2,27.7,82,10.4,0,5,260,1,C
06-12-2024,25.2,29.6,27.1,86,48.2,1.5,3,200,0,C
07-12-2024,25.4,31.6,27.7,87,8888,0.2,3,330,0,C
08-12-2024,25,32,28.2,82,30.4,1.4,5,320,1,C
09-12-2024,26,32,27.5,85,0,1.5,3,30,0,C
10-12-2024,25.4,31.8,27.7,82,26,0,6,260,3,W
11-12-2024,26.4,33.8,29.7,71,0.7,0.3,5,320,1,C
12-12-2024,25,34.4,29.7,69,1,2.4,6,250,2,W
13-12-2024,27.2,32.4,30.1,68,0,4,4,320,1,C
14-12-2024,27,32.2,28.4,75,0,3.1,7,220,2,W
15-12-2024,27.2,32.8,28.3,78,0,0.2,3,300,1,C
16-12-2024,25.2,31,28.4,79,18.5,0.3,4,220,1,C
17-12-2024,25.4,32.2,28.3,82,6.5,0.5,3,180,1,C
18-12-2024,25.4,33.4,29.1,72,8888,2,4,300,2,W
19-12-2024,26,32,28.1,82,1.2,4.2,5,220,1,C
20-12-2024,25,32,28.1,82,56,1.9,3,230,1,C
21-12-2024,25.6,31.4,28.1,81,10.2,2.6,6,270,2,C
22-12-2024,25.6,30.6,27.8,87,19,1.6,4,330,1,C
23-12-2024,26,30,26.9,93,43.8,2.5,4,300,1,C
24-12-2024,24.4,31.4,28,79,17,0,3,330,1,C
25-12-2024,25.4,31.4,27.9,86,3.4,0.6,3,280,1,C
26-12-2024,26,33.6,29.4,74,8.2,0,6,240,1,C
27-12-2024,25.2,32.4,29.2,78,0,1.2,5,280,2,C
28-12-2024,27.2,34.2,30,70,0,3.8,4,300,2,C
29-12-2024,27.8,33,29.7,73,0,3,3,270,1,C
30-12-2024,24.8,32.4,28.4,76,1,1.8,6,240,2,SW
31-12-2024,25.2,32.4,28.4,76,1.6,2.4,5,270,2,W
01-01-2025,26.4,32.4,29.1,75,0,5.6,5,290,2,W
02-01-2025,27,33,29.2,75,0,2.5,7,300,1,C
03-01-2025,25,32,28.5,76,0,6.9,13,31,2,C
04-01-2025,26.6,34.6,30.1,65,0,2.4,4,260,1,C
05-01-2025,26,34.2,28.7,78,0,2.1,4,250,1,C
06-01-2025,25.2,33.4,28.6,77,18.4,3.4,5,300,1,C
07-01-2025,26,33.4,29.3,75,0,5.5,5,310,2,C
08-01-2025,25.2,32.4,28.1,83,9,1.7,5,320,1,C
09-01-2025,24.2,30.4,26.5,88,71,3.9,3,250,1,C
10-01-2025,24.8,32.2,28.6,78,6.5,0.2,6,280,1,C
11-01-2025,24.8,31.6,27.9,83,23.2,1.6,4,260,1,C
12-01-2025,25,33.2,28.9,73,2,3.7,4,250,1,C
13-01-2025,26.8,31,28.5,79,0,3,4,280,2,W
14-01-2025,26.6,30,26.9,88,29.2,1.8,5,320,1,C
15-01-2025,24.2,33,28.3,79,18,0.3,5,300,2,SW
16-01-2025,24,31.2,29.1,75,0,4.1,4,220,2,W
17-01-2025,27,32,28.8,79,0,2.5,4,280,1,C
18-01-2025,24,32,27,86,38.5,4.2,3,260,1,C
19-01-2025,24.6,32,29.3,75,6.4,1.5,5,310,2,W
20-01-2025,24.4,31,25.7,92,29.2,5.8,3,270,1,C
21-01-2025,24,30.4,26.8,87,60,0.3,4,290,1,C
22-01-2025,24.6,31.4,27.4,82,22.1,0.2,3,280,1,C
23-01-2025,25,31.8,28.2,78,0,1.2,3,280,1,C
24-01-2025,25,31.2,28.1,81,0,1.1,3,250,1,C
25-01-2025,25.6,32,27.3,83,2,2,4,280,1,C
26-01-2025,26,32.8,28.4,80,0,1.2,4,230,1,C
27-01-2025,25,30.6,28,77,0.5,3.8,3,230,1,C
28-01-2025,26.4,28.4,27.2,86,0,0,3,310,1,C
29-01-2025,23.8,29.8,26.9,85,184.8,0,6,260,2,W
30-01-2025,24.2,30.2,27.5,80,8.3,0,5,290,2,C
31-01-2025,24.4,31.4,27.6,84,9.5,4.7,6,260,2,W
01-02-2025,25.4,31,28.4,78,1,2.2,3,280,1,W
02-02-2025,25,30.4,28.5,82,1.3,1,5,330,2,NW
03-02-2025,27.4,30.4,28.8,79,0,1.6,3,30,1,C
04-02-2025,26.8,31.6,28.2,83,0,0,6,230,1,C
05-02-2025,25,31.4,28.1,78,1,0,6,270,2,W
06-02-2025,26.2,31.2,28.5,77,13.8,6.5,5,300,2,C
07-02-2025,25,31.4,28.1,82,8.4,2,4,320,1,C
08-02-2025,23.6,31.8,26.9,84,75.3,4.6,3,250,1,C
09-02-2025,25,30.4,28.2,79,0.3,1.8,5,280,1,C
10-02-2025,26.2,31,27.9,80,1.7,4.8,3,280,1,C
11-02-2025,25,31.4,28.2,82,1.1,2.6,4,300,1,C
12-02-2025,26.2,33.4,28.7,81,0.8,3.4,4,320,1,C
13-02-2025,26.2,35.6,30.4,70,0,6.4,4,280,1,C
14-02-2025,25.2,33.4,29.2,76,0,7.4,7,250,2,SW
15-02-2025,27,30.4,28.6,79,8888,3.7,5,280,1,C
16-02-2025,27,32.6,28.8,78,1.6,6.1,4,220,1,C
17-02-2025,25,32,26.6,89,0.6,2.3,2,230,1,C
18-02-2025,24.8,32,27,86,27.9,0.2,5,270,1,C
19-02-2025,25.2,31,27.4,85,5,0.5,3,240,1,C
20-02-2025,24,31.6,27.2,83,18.6,3.8,6,290,1,C
21-02-2025,24.2,31.4,28.5,79,0,6.7,5,290,2,C
22-02-2025,26.6,30,27.6,85,2,1.6,3,340,1,C
23-02-2025,24,29.4,27.1,85,5.5,0.2,3,310,1,C
24-02-2025,24.2,31.2,27.3,87,87.7,0.4,4,270,1,C
25-02-2025,25.2,32,28,80,0.2,3.5,4,340,1,C
26-02-2025,25,30,27.6,82,0,2.4,2,300,1,C
27-02-2025,26,31.4,28.2,81,0,0.6,4,230,1,C
28-02-2025,25.4,32.6,28.5,80,8.4,6.2,4,300,1,C
01-03-2025,25,32,28.6,79,2,5.3,3,340,1,C
02-03-2025,26.4,32,28.9,81,0,8,5,300,2,C
03-03-2025,25.8,32.6,28.5,81,0,4.4,3,50,1,C
04-03-2025,24.2,30.6,27.5,83,40.5,0,3,300,1,C
05-03-2025,25.4,33.4,28.9,78,8888,0,3,320,1,C
06-03-2025,26.2,34,29.6,76,0,2.4,5,300,1,C
07-03-2025,24.2,33.2,29.3,72,8888,0.4,4,250,1,C
08-03-2025,26.4,32.4,28.4,78,8888,0,5,310,2,C
09-03-2025,26,32.8,28.7,78,8888,0,4,290,1,C
10-03-2025,25,31.2,28.5,78,0,0,3,100,1,C
11-03-2025,26.4,32.2,28.8,78,0,1.2,5,290,1,C
12-03-2025,26.6,33.6,29.6,74,0,3.2,4,300,1,C
13-03-2025,25,32.4,29.4,76,0,3.7,5,280,1,C
14-03-2025,26.6,34.6,29,73,0,2.5,5,300,2,W
15-03-2025,26,32.6,28.6,74,1.3,6,5,240,1,C
16-03-2025,24,33.6,29.3,72,0.6,2,5,250,2,C
17-03-2025,27,31.2,28.5,80,0,4.2,5,310,1,C
18-03-2025,24.4,31.6,28.1,80,23.1,2.2,4,300,1,C
19-03-2025,24.2,33.4,28.5,78,1.3,1.4,4,290,2,W
20-03-2025,25,33.4,28.4,79,6,1.8,4,260,2,W
21-03-2025,26.4,33,29.4,72,1.4,4,5,330,2,NW
22-03-2025,25,32.6,28.5,83,0,6.9,4,280,1,C
23-03-2025,26.4,32,28.7,82,20.3,1.7,5,300,2,C
24-03-2025,26.8,31.6,28.6,81,1.2,4.2,3,270,1,C
25-03-2025,25,30.6,28.8,81,0,2,4,280,1,C
26-03-2025,27,31.2,28.6,85,1,1.4,3,310,1,C
27-03-2025,26.8,32.6,28.2,84,0,0,3,250,1,C
28-03-2025,25,30.8,28.2,82,5.4,3,4,210,2,W
29-03-2025,25.6,33,28.8,74,0.3,1.5,6,240,3,SW
30-03-2025,25.6,34.6,30.2,74,8888,4.2,5,260,2,C
31-03-2025,25,33.8,29.3,74,0,6,4,290,1,C
01-04-2025,26.4,28.6,26.9,86,1,5.5,4,280,1,C
02-04-2025,26,33.2,28.3,80,5.8,0.5,4,280,1,C
03-04-2025,25,32,28.5,81,8.2,2,4,310,1,C
04-04-2025,25.8,32,28.4,82,5.9,5,4,300,1,C
05-04-2025,26,32.4,28.8,80,8888,5,3,280,1,C
06-04-2025,25,32.4,27.8,83,0,3.8,6,320,1,C
07-04-2025,25.2,32.4,28.5,80,43,5.4,4,300,1,C
08-04-2025,25.6,33.2,29,76,0,6.6,5,290,1,C
09-04-2025,25,32.6,29.5,75,0,8,4,30,1,C
10-04-2025,27.4,32.6,29.3,79,0,4.5,4,270,1,C
11-04-2025,26.4,33.6,28.9,78,0,5.4,4,300,1,C
12-04-2025,25,31,28.7,79,0,5.4,6,280,1,C
13-04-2025,26,31.6,27.9,84,11.1,2.4,4,320,2,C
14-04-2025,25,34.6,29.7,74,8.9,1,3,250,1,C
15-04-2025,25,31.8,29,76,0,6.8,3,271,1,C
16-04-2025,25.8,32.4,28.4,82,2.5,0,5,290,1,C
17-04-2025,25.4,30,27.3,86,25.5,5.7,3,300,0,C
18-04-2025,25,33.4,28.8,83,0,0,6,220,1,C
19-04-2025,26.6,33.6,29.3,78,2.8,1.6,5,300,1,C
20-04-2025,25.4,34.6,29.2,75,2.1,4,3,310,1,C
21-04-2025,25,32.6,28.9,76,0,1.8,5,250,1,C
22-04-2025,26.4,32.4,28.2,78,7.5,0,3,300,0,C
23-04-2025,26,34.6,29.1,74,9.5,0.6,7,290,2,C
24-04-2025,24.2,33.8,29.7,72,0,0.8,6,310,2,C
25-04-2025,27,32.4,29.3,76,0,6.7,4,310,1,C
26-04-2025,27,33.4,29.4,78,8888,3,2,320,1,C
27-04-2025,24,32.4,28.5,81,25,1,4,310,1,C
28-04-2025,26.2,32.4,29.2,75,0,7,4,300,1,C
29-04-2025,27.2,33.6,29.7,73,0,6.2,4,330,1,C
30-04-2025,24.8,33.8,29.8,71,0,6.2,3,220,1,C
01-05-2025,27,32.6,29.4,75,0,5.3,5,300,1,C
02-05-2025,27,33.6,30,76,8888,6.7,4,290,1,C
03-05-2025,25,33.2,28.4,82,3,5.3,3,300,1,C
04-05-2025,26.2,33,28.7,79,42.2,6.5,4,50,1,C
05-05-2025,26.4,34.8,30.2,74,0,2.3,3,350,1,C
06-05-2025,25,34,29.3,76,0,7,3,110,1,C
07-05-2025,26.4,33.2,28.8,80,3,6.7,4,310,1,C
08-05-2025,26.8,33.6,29.4,80,3.7,6.6,5,280,2,C
09-05-2025,25,33.4,30.2,72,0,7,4,250,2,W
10-05-2025,27.2,33.8,29.7,78,0,3.3,5,300,1,C
11-05-2025,26.8,34.6,28.8,81,0.8,5.2,3,20,1,C
12-05-2025,25,32.8,29.2,76,27,5.2,4,290,1,C
13-05-2025,26,33,28.9,76,0,0.6,4,300,1,C
14-05-2025,24.8,33.8,29.1,78,55.2,4,4,320,1,C
15-05-2025,25,33.4,29.6,75,0,5.2,4,330,1,C
16-05-2025,26.4,32.4,28.6,83,37.2,6.3,4,290,1,C
17-05-2025,26,34,28.4,83,2.1,4.2,2,70,1,C
18-05-2025,25,33.2,29,79,5.7,4.3,3,300,2,SE
19-05-2025,25.6,32.6,28.8,78,1,5.5,3,290,1,C
20-05-2025,26.2,33.6,29.3,75,0,2.7,4,260,1,C
21-05-2025,26,31.6,28.1,84,0,3.2,3,120,1,C
22-05-2025,25.8,30.6,28,87,40.4,1,5,310,1,C
23-05-2025,25.8,30,26.8,90,4.9,2.1,4,340,1,C
24-05-2025,25,32.4,28.2,81,7.5,0,4,290,1,C
25-05-2025,25.4,29.6,26.9,89,0.5,5.5,4,20,1,C
26-05-2025,25.4,30,27.4,87,33,0,3,290,1,C
27-05-2025,25,33.6,29.7,71,21.3,0,3,280,1,C
28-05-2025,26.8,33.8,29.8,76,0,6.8,3,280,1,C
29-05-2025,27,34.6,30.4,76,0,5.8,4,290,1,C
30-05-2025,24.8,32,28.5,82,20,5.7,4,270,1,C
31-05-2025,26,33.4,29.5,80,0,5.4,5,270,1,C
01-06-2025,25.8,32,28.3,75,1.6,6.3,3,90,1,C
02-06-2025,24.8,33.2,29.4,76,0,0.2,3,290,1,C
03-06-2025,27,33.2,29.5,76,0,4.2,3,290,0,C
04-06-2025,27.2,34,30.2,74,0,7,4,280,1,C
05-06-2025,25,33.4,29.8,73,0,3.7,4,320,1,C
06-06-2025,27.2,32.6,29.3,74,0,4.2,4,310,1,C
07-06-2025,27.4,33,28.6,82,8888,2,5,300,1,C
08-06-2025,24,32.4,28.9,76,16.5,4,3,280,1,C
09-06-2025,26.4,32.8,29,78,0,3.8,4,300,1,C
10-06-2025,26.2,32.6,29.1,81,27.3,2.6,4,260,1,C
11-06-2025,25,32.8,28.4,79,30.5,2.8,3,100,2,E
12-06-2025,26,33.4,29.2,74,0,2.7,4,110,1,C
13-06-2025,26.8,34.6,30,71,0,2.8,4,100,1,C
14-06-2025,25,33.4,27.9,80,0,2.9,3,160,1,C
15-06-2025,26,33.2,29.2,76,10.6,1,3,60,1,C
16-06-2025,27,33.4,29.9,76,8888,2.5,5,90,2,E
17-06-2025,27.2,33.4,29.6,76,0,3.7,4,240,1,C
18-06-2025,24.8,29,26.5,87,41.5,3.4,5,240,1,C
19-06-2025,25.6,28.8,26.6,81,2,0.2,3,50,1,C
20-06-2025,25.6,32.4,28.2,74,8888,0,2,121,0,C
21-06-2025,24.9,31.8,27.4,83,10.9,7.6,2,340,1,C
22-06-2025,25.2,32.4,28.9,76,8888,1,5,120,2,E
23-06-2025,26.2,32.8,28.7,76,8888,5.6,3,80,1,C
24-06-2025,26.2,31,28.1,80,0.4,3.4,3,290,1,C
25-06-2025,26.2,32.6,28.4,75,0,0.9,4,300,1,C
26-06-2025,26.2,32.4,28.8,73,0,3.6,2,250,0,C
27-06-2025,26.2,32.2,29.1,77,0,6.4,3,300,1,C
28-06-2025,27.6,31.6,28.4,77,0,0.5,3,100,1,C
29-06-2025,24.6,27.4,25.8,90,5.7,0.5,3,160,1,C
30-06-2025,25,32,28.1,79,2.1,0.4,3,81,1,C
01-07-2025,24.8,33,28.7,78,17.9,0,3,220,1,C
02-07-2025,25.2,33.2,28.2,78,0,0,4,130,1,C
03-07-2025,24.8,31.6,28.2,79,13,0,3,90,0,C
04-07-2025,25.2,33,28.7,74,0,0,3,290,0,C
05-07-2025,27,32.4,29.3,74,0,7.6,4,260,1,C
06-07-2025,24.2,32,26.7,83,35.2,6.6,3,120,1,C
07-07-2025,24,32.2,28.1,78,26.4,6.2,4,290,1,C
08-07-2025,24,32.5,28.2,77,72.7,5.6,3,100,1,C
09-07-2025,24.8,31.8,28.4,80,0,5.5,3,300,0,C
10-07-2025,26.2,32,28.5,70,2.2,0.8,3,280,1,C
11-07-2025,26.5,32.2,29,64,0,7,2,100,1,C
12-07-2025,26,32.8,28.9,69,0,1.9,4,70,1,C
13-07-2025,26.4,32.6,28.7,72,0,7,3,80,1,C
14-07-2025,25.8,31.4,28.1,80,5.4,3.1,2,310,0,C
15-07-2025,26,33.2,29,79,0,0,4,240,1,C
16-07-2025,27,33,29.2,75,0,4,3,290,1,C
17-07-2025,25.2,32.4,28.3,80,80,6,3,250,1,C
18-07-2025,25.7,32,28.6,79,1.4,4.5,4,340,1,C
19-07-2025,25,32.4,28.2,74,0.2,5.2,3,290,1,C
20-07-2025,25.2,32,28.4,70,0,6.7,4,290,1,C
21-07-2025,26.4,33.5,28.7,71,0,5.8,3,30,1,C
22-07-2025,25.8,33.6,28.5,69,0,6.3,3,130,1,C
23-07-2025,26.2,33.4,29.6,63,0,7,4,330,0,C
24-07-2025,26.2,34.2,29.5,65,0,7,4,290,1,E
25-07-2025,27.6,33.8,29.9,69,0,6.3,3,140,1,E
26-07-2025,27.2,34.2,29.9,70,0,5.1,4,100,1,C
27-07-2025,27.2,33.4,29.7,76,0,7,3,50,1,C
28-07-2025,27.4,33.8,29,76,0,7.2,2,280,1,C
29-07-2025,25.8,34,29.3,72,47,4.5,3,70,0,C
30-07-2025,26.5,33.6,29.6,73,0,6.2,5,120,1,E
31-07-2025,26.2,34,29.1,71,0,6.8,6,60,2,E
01-08-2025,26.4,34.2,29.2,72,0,7,2,90,1,E
02-08-2025,25.4,33.4,29.3,69,0,6.9,3,100,1,C
03-08-2025,26.2,33.2,29.4,75,0,7,3,120,1,C
04-08-2025,27,33,28.6,73,0,5.9,3,290,1,C
05-08-2025,25.8,33.4,28.9,76,0.4,6,4,280,1,C
06-08-2025,25.4,33.3,28.9,75,4,6.1,4,360,1,C
07-08-2025,26.2,33,29.3,75,0,6.8,3,300,1,C
08-08-2025,26.2,32,28.5,80,3.6,5.7,3,120,1,C
09-08-2025,26.6,33.6,29.4,74,0,4.1,2,250,0,C
10-08-2025,26,33.4,28.6,75,0,6.7,4,330,1,C
11-08-2025,25.6,31.6,27.7,84,34.5,6.4,6,300,1,C
12-08-2025,25.6,29.4,25.9,91,29.1,4,4,160,0,C
13-08-2025,24,32.4,27.4,80,60.8,0.4,3,130,0,C
14-08-2025,24.6,32.4,28.6,69,8888,6.8,4,100,1,C
15-08-2025,24.8,32.2,28.2,63,1.2,4.2,5,290,1,C
16-08-2025,24.8,32.8,28.3,72,0,7.3,4,180,2,E
17-08-2025,25.2,32.8,29.1,71,0,6.8,5,20,3,E
18-08-2025,26.6,32.6,28.9,69,0,7.3,5,100,2,C
19-08-2025,25,30.2,27,83,7.7,3,2,130,0,C
20-08-2025,25.6,31.4,27.4,79,4.4,0.2,3,40,1,C
21-08-2025,24.8,31.8,27.8,81,2.6,1.4,4,310,2,C
22-08-2025,25.8,32,28.4,77,0,3.8,3,260,1,C
23-08-2025,26.2,33.6,29.1,77,0,6.8,3,290,1,C
24-08-2025,26.8,32.6,29.1,75,0,7.1,4,280,1,C
25-08-2025,26.8,31.4,27.9,77,0,7.1,2,290,0,C
26-08-2025,25,33.4,28.7,75,10.4,2.4,3,10,1,C
27-08-2025,25.2,35.2,29.3,63,0,7.4,4,290,1,C
28-08-2025,25.4,32.4,28.8,68,2,7.7,5,320,1,C
29-08-2025,24,33.4,28,77,57.4,3.6,3,120,1,C
30-08-2025,25.2,33.8,28.3,74,0.2,8,3,280,1,C
31-08-2025,26,33.2,28.7,76,0,3.9,3,110,1,C